Gyro Yaw,Mag Yaw
0,50.41
0,50.41
0,50.41
0,50.41
0,50.41
0,50.41
0,50.41
0,50.41
0,50.41
0,50.41
0,50.41
0,50.41
0,50.41
0,50.41
0,50.41
0,50.41
0,50.41
0,50.41
0,50.41
0,50.41
0,50.41
0,50.41
0,50.41
0,50.41
0,51.15
0,51.63
0,51.95
0,52.15
0,52.29
0,52.37
0,52.43
0,52.47
0,52.49
0,52.51
0,52.52
0,52.52
0,52.53
0,52.53
0,52.53
0,52.53
0,52.53
0,52.54
0,52.54
0,52.54
0,52.54
0,52.54
0,52.54
0,52.54
0,52.54
0,52.54
0,52.54
0,52.54
0,52.54
0,52.54
0,52.54
0,52.54
0,52.54
0,52.54
-0.01,52.54
-0.01,52.54
-0.01,52.54
-0.01,52.54
-0.01,52.54
-0.01,52.54
-0.01,52.54
-0.01,52.54
-0.01,52.54
-0.01,52.54
-0.01,52.54
0,52.54
0,50.31
0,48.98
0,48.16
0,47.64
-0.01,47.31
-0.01,47.1
-0.01,46.97
-0.01,46.88
-0.01,46.82
-0.01,46.79
-0.01,46.76
-0.01,46.75
-0.01,46.74
-0.01,46.73
-0.01,46.73
-0.01,46.72
-0.01,46.72
-0.01,46.72
-0.01,46.72
-0.01,46.72
-0.01,46.72
-0.01,46.72
-0.01,46.72
-0.01,46.72
-0.01,46.72
-0.01,46.72
-0.01,46.72
-0.01,46.72
-0.01,46.72
-0.01,46.72
-0.01,46.72
-0.01,46.72
-0.01,46.72
-0.01,46.72
-0.01,46.72
-0.01,46.72
-0.01,46.72
-0.01,46.72
-0.01,46.72
-0.01,46.72
-0.01,47.75
-0.01,48.46
-0.01,48.95
-0.01,49.27
-0.01,49.48
-0.01,49.62
-0.01,49.72
-0.01,49.78
-0.01,49.82
-0.01,49.84
-0.01,49.86
-0.01,49.87
-0.01,49.88
-0.01,49.88
-0.01,49.88
-0.01,49.89
-0.01,49.89
-0.01,49.89
-0.01,49.89
-0.01,49.89
-0.01,49.89
-0.01,49.89
-0.01,49.89
-0.01,49.89
-0.01,49.89
-0.01,49.89
-0.01,49.89
-0.01,49.89
-0.01,49.89
-0.01,49.89
-0.01,49.89
-0.01,49.89
-0.01,49.89
-0.01,49.89
-0.01,49.89
-0.01,49.89
-0.01,49.89
-0.01,49.89
-0.01,49.89
-0.01,49.9
-0.01,49.9
-0.01,49.9
-0.01,49.91
-0.01,49.91
-0.01,49.91
-0.01,49.91
-0.01,49.91
-0.01,49.91
-0.01,49.91
-0.01,49.91
-0.01,49.91
-0.01,49.91
-0.01,49.91
-0.01,49.91
-0.01,49.91
-0.01,49.91
-0.01,49.91
-0.01,49.91
-0.01,49.91
-0.01,49.91
-0.01,49.91
-0.01,49.91
-0.01,49.91
-0.01,49.91
-0.01,49.91
-0.01,49.91
-0.01,49.91
-0.01,49.91
0,49.91
0,49.91
0,49.91
0,49.91
0,49.91
0,49.91
0,49.91
0,49.91
0,49.91
-0.01,49.91
-0.01,49.91
-0.01,48.83
-0.01,48.11
-0.01,47.64
-0.01,47.33
-0.01,47.12
-0.01,46.99
-0.01,46.9
-0.01,46.85
-0.01,46.81
-0.01,46.79
-0.01,46.77
-0.01,46.76
-0.01,46.76
-0.01,46.75
-0.01,46.75
-0.01,46.75
-0.01,46.75
-0.01,46.75
-0.01,46.74
-0.01,46.74
-0.01,46.74
-0.01,46.74
-0.01,46.74
-0.01,46.74
-0.01,46.74
-0.01,46.74
-0.01,46.74
-0.01,46.74
-0.01,46.74
-0.01,46.74
-0.01,46.74
-0.02,46.74
-0.02,46.74
-0.02,46.74
-0.02,46.74
-0.02,46.74
-0.02,46.74
-0.02,46.74
-0.02,46.74
-0.02,46.74
-0.02,46.74
-0.02,46.74
-0.02,46.74
-0.02,46.74
-0.02,46.74
-0.02,46.74
-0.02,47.9
-0.02,48.63
-0.02,49.09
-0.02,49.39
-0.02,49.58
-0.02,49.7
-0.02,49.78
-0.02,49.83
-0.02,49.86
-0.02,49.89
-0.02,49.9
-0.02,49.91
-0.02,49.92
-0.02,49.92
-0.02,49.92
-0.02,49.92
-0.02,49.92
-0.02,49.93
-0.02,49.93
-0.02,49.93
-0.02,49.93
-0.02,49.93
-0.02,49.93
-0.02,49.93
-0.02,49.93
-0.02,49.93
-0.03,49.93
-0.03,49.93
-0.03,49.93
-0.03,49.93
-0.03,49.93
-0.03,49.93
-0.03,49.93
-0.03,49.93
-0.03,49.93
-0.03,49.93
-0.03,49.93
-0.03,49.93
-0.02,49.93
-0.02,49.93
-0.02,49.57
-0.02,49.33
-0.02,49.17
-0.02,49.06
-0.02,48.99
-0.02,48.95
-0.02,48.92
-0.03,48.9
-0.03,48.89
-0.03,48.88
-0.03,48.87
-0.03,48.87
-0.03,48.87
-0.03,48.87
-0.03,48.87
-0.03,48.86
-0.03,48.86
-0.03,48.86
-0.03,48.86
-0.03,48.86
-0.03,48.86
-0.03,48.86
-0.03,48.86
-0.03,48.86
-0.03,48.86
-0.03,48.86
-0.03,48.86
-0.03,48.86
-0.03,48.86
-0.03,48.86
-0.03,48.86
-0.02,48.86
-0.02,48.86
-0.02,48.86
-0.02,48.86
-0.02,48.86
-0.02,48.86
-0.02,48.86
-0.02,48.86
-0.02,47.32
-0.02,46.35
-0.02,45.74
-0.02,45.35
-0.02,45.1
-0.02,44.94
-0.02,44.84
-0.02,44.77
-0.02,44.72
-0.03,44.69
-0.03,44.68
-0.03,44.66
-0.03,44.66
-0.03,44.65
-0.03,44.65
-0.03,44.65
-0.03,44.64
-0.03,44.64
-0.03,44.64
-0.03,44.64
-0.03,44.64
-0.03,44.64
-0.03,44.64
-0.03,44.64
-0.03,44.64
-0.03,44.64
-0.03,44.64
-0.03,44.64
-0.03,44.64
-0.03,44.64
-0.03,44.64
-0.03,44.64
-0.03,44.64
-0.03,44.64
-0.03,44.64
-0.03,44.64
-0.03,44.64
-0.03,44.64
-0.03,44.64
-0.03,44.64
-0.03,44.64
-0.03,44.64
-0.03,44.64
-0.03,44.64
-0.03,44.64
-0.03,44.64
-0.03,47.16
-0.03,48.95
-0.03,50.19
-0.04,51.03
-0.04,51.58
-0.04,51.95
-0.04,52.2
-0.04,52.36
-0.04,52.46
-0.04,52.53
-0.04,52.57
-0.04,52.6
-0.04,52.62
-0.04,52.63
-0.04,52.64
-0.04,52.64
-0.04,52.65
-0.04,52.65
-0.04,52.65
-0.04,52.65
-0.04,52.65
-0.04,52.65
-0.04,52.65
-0.04,52.65
-0.04,52.65
-0.04,52.65
-0.05,52.65
-0.05,52.65
-0.05,52.65
-0.05,52.65
-0.05,52.65
-0.05,52.65
-0.05,52.65
-0.05,52.65
-0.05,52.65
-0.05,52.65
-0.05,52.65
-0.05,52.65
-0.05,52.65
-0.05,52.65
-0.05,51.24
-0.05,50.38
-0.05,49.85
-0.05,49.51
-0.05,49.3
-0.05,49.16
-0.05,49.07
-0.05,49.02
-0.05,48.98
-0.05,48.95
-0.05,48.94
-0.05,48.93
-0.05,48.92
-0.04,48.92
-0.04,48.91
-0.04,48.91
-0.04,48.91
-0.04,48.91
-0.04,48.91
-0.04,48.91
-0.04,48.91
-0.04,48.91
-0.04,48.91
-0.04,48.91
-0.04,48.91
-0.04,48.91
-0.04,48.91
-0.04,48.91
-0.04,48.91
-0.04,48.91
-0.04,48.91
-0.03,48.91
-0.03,48.91
-0.03,48.91
-0.03,48.91
-0.03,48.91
-0.03,48.91
-0.03,48.91
-0.03,48.91
-0.03,48.91
-0.03,48.22
-0.03,47.77
-0.03,47.48
-0.03,47.29
-0.03,47.17
-0.03,47.09
-0.03,47.04
-0.03,47.01
-0.03,46.99
-0.03,46.97
-0.03,46.96
-0.03,46.96
-0.03,46.95
-0.03,46.95
-0.03,46.95
-0.03,46.95
-0.03,46.95
-0.03,46.95
-0.03,46.95
-0.03,46.95
-0.03,46.95
-0.03,46.95
-0.03,46.95
-0.03,46.95
-0.03,46.95
-0.03,46.95
-0.03,46.95
-0.03,46.95
-0.03,46.95
-0.03,46.95
-0.03,46.95
-0.03,46.95
-0.03,46.95
-0.03,46.95
-0.03,46.95
-0.03,46.95
-0.03,46.95
-0.03,46.95
-0.03,46.95
-0.03,47.13
-0.03,47.25
-0.03,47.33
-0.03,47.38
-0.04,47.41
-0.04,47.43
-0.04,47.45
-0.04,47.46
-0.04,47.46
-0.04,47.47
-0.04,47.47
-0.04,47.47
-0.04,47.47
-0.04,47.47
-0.04,47.47
-0.04,47.47
-0.04,47.47
-0.04,47.47
-0.04,47.47
-0.04,47.47
-0.04,47.47
-0.04,47.47
-0.04,47.47
-0.04,47.47
-0.04,47.47
-0.04,47.47
-0.04,47.47
-0.04,47.47
-0.04,47.47
-0.05,47.47
-0.05,47.47
-0.05,47.47
-0.05,47.47
-0.05,47.47
-0.05,47.47
-0.05,47.47
-0.05,47.47
-0.05,47.47
-0.05,47.47
-0.06,47.47
-0.06,47.47
-0.06,47.47
-0.06,47.47
-0.06,47.47
-0.06,47.47
-0.06,47.47
-0.06,48.6
-0.06,49.38
-0.06,49.91
-0.06,50.27
-0.06,50.5
-0.06,50.66
-0.06,50.76
-0.06,50.82
-0.06,50.87
-0.06,50.9
-0.06,50.91
-0.06,50.93
-0.06,50.93
-0.06,50.94
-0.06,50.94
-0.05,50.94
-0.05,50.95
-0.05,50.95
-0.05,50.95
-0.05,50.95
-0.05,50.95
-0.05,50.95
-0.05,50.95
-0.05,50.95
-0.05,50.95
-0.05,50.95
-0.05,50.95
-0.05,50.95
-0.05,50.95
-0.05,50.95
-0.06,50.95
-0.06,50.95
-0.06,50.95
-0.06,50.95
-0.06,50.95
-0.06,50.95
-0.06,50.95
-0.06,50.95
-0.06,50.95
-0.05,50.95
-0.05,51.73
-0.05,52.24
-0.05,52.57
-0.05,52.78
-0.05,52.92
-0.05,53.02
-0.05,53.08
-0.05,53.11
-0.05,53.14
-0.05,53.16
-0.05,53.17
-0.05,53.17
-0.05,53.18
-0.05,53.18
-0.06,53.18
-0.06,53.18
-0.06,53.19
-0.06,53.19
-0.06,53.19
-0.06,53.19
-0.06,53.19
-0.06,53.19
-0.06,53.19
-0.06,53.19
-0.06,53.19
-0.06,53.19
-0.06,53.19
-0.06,53.19
-0.06,53.19
-0.06,53.19
-0.06,53.19
-0.06,53.19
-0.07,53.19
-0.07,53.19
-0.07,53.19
-0.07,53.19
-0.07,53.19
-0.07,53.19
-0.06,53.19
-0.07,52.73
-0.07,52.44
-0.07,52.26
-0.07,52.15
-0.07,52.07
-0.07,52.03
-0.07,52
-0.07,51.98
-0.07,51.97
-0.07,51.96
-0.07,51.95
-0.07,51.95
-0.07,51.95
-0.07,51.94
-0.07,51.94
-0.08,51.94
-0.08,51.94
-0.08,51.94
-0.08,51.94
-0.08,51.94
-0.08,51.94
-0.08,51.94
-0.08,51.94
-0.08,51.94
-0.08,51.94
-0.08,51.94
-0.08,51.94
-0.08,51.94
-0.08,51.94
-0.08,51.94
-0.08,51.94
-0.07,51.94
-0.07,51.94
-0.07,51.94
-0.07,51.94
-0.07,51.94
-0.07,51.94
-0.07,51.94
-0.07,51.94
-0.07,51.94
-0.07,52.32
-0.07,52.57
-0.07,52.73
-0.07,52.84
-0.07,52.91
-0.07,52.96
-0.07,52.99
-0.07,53
-0.07,53.02
-0.07,53.03
-0.07,53.03
-0.07,53.03
-0.07,53.04
-0.07,53.04
-0.07,53.04
-0.07,53.04
-0.07,53.04
-0.07,53.04
-0.07,53.04
-0.07,53.04
-0.07,53.04
-0.07,53.04
-0.07,53.04
-0.07,53.04
-0.07,53.04
-0.07,53.04
-0.07,53.04
-0.07,53.04
-0.07,53.04
-0.07,53.04
-0.07,53.04
-0.07,53.04
-0.06,53.04
-0.06,53.04
-0.06,53.04
-0.06,53.04
-0.06,53.04
-0.06,53.04
-0.06,53.04
-0.06,53.04
-0.06,53.04
-0.06,53.04
-0.06,53.04
-0.06,53.04
-0.06,53.04
-0.06,53.04
-0.07,49.55
-0.07,47.34
-0.07,45.92
-0.07,45.01
-0.07,44.43
-0.07,44.05
-0.07,43.81
-0.07,43.65
-0.07,43.55
-0.07,43.48
-0.07,43.44
-0.07,43.41
-0.07,43.39
-0.07,43.38
-0.07,43.37
-0.07,43.36
-0.07,43.36
-0.07,43.36
-0.06,43.36
-0.06,43.36
-0.06,43.36
-0.06,43.36
-0.07,43.36
-0.07,43.36
-0.07,43.36
-0.07,43.36
-0.07,43.36
-0.07,43.36
-0.07,43.36
-0.07,43.36
-0.07,43.36
-0.07,43.35
-0.07,43.35
-0.07,43.35
-0.07,43.35
-0.07,43.35
-0.06,43.35
-0.06,43.35
-0.06,43.35
-0.06,43.35
-0.06,44.57
-0.06,45.36
-0.06,45.88
-0.06,46.22
-0.06,46.44
-0.06,46.58
-0.06,46.67
-0.06,46.74
-0.06,46.77
-0.07,46.8
-0.07,46.82
-0.07,46.83
-0.07,46.83
-0.07,46.84
-0.07,46.84
-0.07,46.84
-0.07,46.85
-0.07,46.85
-0.07,46.85
-0.07,46.85
-0.06,46.85
-0.06,46.85
-0.06,46.85
-0.06,46.85
-0.06,46.85
-0.06,46.85
-0.06,46.85
-0.06,46.85
-0.06,46.85
-0.06,46.85
-0.06,46.85
-0.06,46.85
-0.06,46.85
-0.06,46.85
-0.06,46.85
-0.06,46.85
-0.06,46.85
-0.06,46.85
-0.06,46.85
-0.06,48.4
-0.06,49.83
-0.06,50.77
-0.06,51.38
-0.06,51.78
-0.06,52.05
-0.06,52.22
-0.06,52.33
-0.06,52.4
-0.06,52.45
-0.06,52.48
-0.06,52.5
-0.06,52.51
-0.06,52.52
-0.06,52.53
-0.06,52.53
-0.06,52.53
-0.06,52.53
-0.06,52.53
-0.06,52.53
-0.06,52.54
-0.06,52.54
-0.06,52.54
-0.06,52.54
-0.06,52.54
-0.06,52.54
-0.06,52.54
-0.07,52.54
-0.07,52.54
-0.07,52.54
-0.07,52.54
-0.07,52.54
-0.07,52.54
-0.07,52.54
-0.07,52.54
-0.07,52.54
-0.07,52.54
-0.06,52.54
-0.06,52.54
-0.06,52.54
-0.06,52.54
-0.06,52.54
-0.06,52.54
-0.06,52.54
-0.06,52.54
-0.06,52.54
-0.06,52.54
-0.06,49.94
-0.06,48.32
-0.06,47.29
-0.06,46.63
-0.06,46.21
-0.06,45.94
-0.06,45.76
-0.06,45.65
-0.06,45.58
-0.06,45.53
-0.06,45.5
-0.06,45.48
-0.07,45.46
-0.07,45.46
-0.07,45.45
-0.07,45.45
-0.07,45.44
-0.07,45.44
-0.07,45.44
-0.07,45.44
-0.07,45.44
-0.07,45.44
-0.07,45.44
-0.07,45.44
-0.07,45.44
-0.07,45.44
-0.07,45.44
-0.07,45.44
-0.07,45.44
-0.07,45.44
-0.07,45.44
-0.07,45.44
-0.07,45.44
-0.07,45.44
-0.07,45.44
-0.07,45.44
-0.07,45.44
-0.07,45.44
-0.07,45.44
-0.07,46.46
-0.07,47.13
-0.07,47.56
-0.07,47.85
-0.07,48.04
-0.07,48.16
-0.07,48.24
-0.07,48.29
-0.07,48.32
-0.07,48.34
-0.07,48.36
-0.07,48.37
-0.07,48.37
-0.07,48.38
-0.07,48.38
-0.07,48.38
-0.07,48.38
-0.07,48.38
-0.07,48.38
-0.07,48.38
-0.07,48.38
-0.07,48.38
-0.07,48.38
-0.07,48.38
-0.07,48.38
-0.06,48.38
-0.06,48.38
-0.06,48.38
-0.06,48.38
-0.06,48.38
-0.06,48.38
-0.06,48.38
-0.06,48.38
-0.06,48.38
-0.06,48.38
-0.06,48.38
-0.06,48.38
-0.06,48.38
-0.06,48.38
-0.06,48.38
-0.06,49.06
-0.06,49.51
-0.06,49.82
-0.06,50.02
-0.06,50.15
-0.06,50.24
-0.06,50.29
-0.06,50.33
-0.06,50.36
-0.06,50.37
-0.05,50.38
-0.05,50.39
-0.05,50.39
-0.05,50.39
-0.05,50.4
-0.05,50.4
-0.05,50.4
-0.05,50.4
-0.05,50.4
-0.05,50.4
-0.05,50.4
-0.05,50.4
-0.05,50.4
-0.05,50.4
-0.05,50.4
-0.05,50.4
-0.05,50.4
-0.05,50.4
-0.05,50.4
-0.05,50.4
-0.05,50.4
-0.05,50.4
-0.05,50.4
-0.05,50.4
-0.05,50.4
-0.05,50.4
-0.05,50.4
-0.05,50.4
-0.05,50.4
-0.05,50.4
-0.05,48.79
-0.05,47.83
-0.05,47.24
-0.05,46.87
-0.05,46.64
-0.05,46.49
-0.05,46.39
-0.05,46.33
-0.05,46.29
-0.05,46.26
-0.05,46.25
-0.05,46.23
-0.05,46.23
-0.05,46.22
-0.05,46.22
-0.05,46.22
-0.06,46.22
-0.06,46.22
-0.06,46.21
-0.06,46.21
-0.06,46.21
-0.06,46.21
-0.06,46.21
-0.06,46.21
-0.06,46.21
-0.06,46.21
-0.05,46.21
-0.05,46.21
-0.05,46.21
-0.05,46.21
-0.05,46.21
-0.05,46.21
-0.05,46.21
-0.05,46.21
-0.05,46.21
-0.05,46.21
-0.05,46.21
-0.05,46.21
-0.05,46.21
-0.05,46.21
-0.05,46.21
-0.05,46.21
-0.05,46.21
-0.05,46.21
-0.05,46.21
-0.05,46.21
-0.05,45.77
-0.05,45.47
-0.05,45.27
-0.05,45.14
-0.05,45.05
-0.05,44.99
-0.05,44.96
-0.05,44.93
-0.05,44.92
-0.05,44.9
-0.05,44.9
-0.05,44.89
-0.06,44.89
-0.06,44.89
-0.06,44.89
-0.06,44.89
-0.06,44.89
-0.06,44.89
-0.06,44.89
-0.06,44.89
-0.06,44.89
-0.06,44.89
-0.06,44.89
-0.06,44.89
-0.06,44.89
-0.06,44.89
-0.06,44.89
-0.06,44.89
-0.06,44.89
-0.06,44.89
-0.06,44.89
-0.06,44.89
-0.06,44.89
-0.06,44.89
-0.06,44.89
-0.06,44.89
-0.06,44.89
-0.06,44.89
-0.06,44.89
-0.06,44.06
-0.06,43.55
-0.06,43.23
-0.06,43.03
-0.06,42.9
-0.06,42.82
-0.06,42.77
-0.06,42.73
-0.06,42.71
-0.06,42.69
-0.06,42.69
-0.06,42.68
-0.06,42.67
-0.06,42.67
-0.06,42.67
-0.06,42.67
-0.06,42.67
-0.06,42.67
-0.06,42.67
-0.06,42.67
-0.06,42.67
-0.05,42.67
-0.05,42.67
-0.05,42.67
-0.05,42.67
-0.05,42.67
-0.05,42.67
-0.05,42.67
-0.05,42.67
-0.05,42.67
-0.05,42.67
-0.05,42.67
-0.05,42.67
-0.05,42.67
-0.04,42.67
-0.04,42.67
-0.04,42.67
-0.04,42.67
-0.04,42.67
-0.04,42.67
-0.04,44.08
-0.04,45.05
-0.04,45.7
-0.04,46.13
-0.04,46.41
-0.04,46.6
-0.04,46.72
-0.04,46.8
-0.04,46.85
-0.04,46.88
-0.04,46.91
-0.05,46.92
-0.05,46.93
-0.05,46.94
-0.05,46.94
-0.05,46.94
-0.05,46.94
-0.05,46.94
-0.05,46.95
-0.05,46.95
-0.05,46.95
-0.05,46.95
-0.05,46.95
-0.05,46.95
-0.05,46.95
-0.05,46.95
-0.05,46.95
-0.05,46.95
-0.05,46.95
-0.05,46.95
-0.05,46.95
-0.05,46.95
-0.05,46.95
-0.05,46.95
-0.05,46.95
-0.05,46.95
-0.05,46.95
-0.05,46.95
-0.05,46.95
-0.05,47.81
-0.05,48.38
-0.05,48.74
-0.05,48.98
-0.05,49.14
-0.05,49.24
-0.05,49.3
-0.05,49.34
-0.05,49.37
-0.05,49.39
-0.05,49.4
-0.05,49.41
-0.05,49.41
-0.05,49.42
-0.05,49.42
-0.06,49.42
-0.06,49.42
-0.06,49.42
-0.06,49.42
-0.06,49.42
-0.06,49.42
-0.06,49.42
-0.06,49.42
-0.05,49.42
-0.05,49.42
-0.05,49.42
-0.05,49.42
-0.05,49.42
-0.05,49.42
-0.05,49.42
-0.05,49.42
-0.05,49.42
-0.05,49.42
-0.05,49.42
-0.05,49.42
-0.05,49.42
-0.05,49.42
-0.05,49.42
-0.05,49.42
-0.05,49.42
-0.05,49.42
-0.05,49.42
-0.05,49.42
-0.05,49.42
-0.05,49.42
-0.05,49.42
-0.05,49.42
-0.05,49.78
-0.05,50
-0.05,50.15
-0.05,50.24
-0.05,50.31
-0.05,50.35
-0.05,50.37
-0.05,50.39
-0.05,50.4
-0.05,50.41
-0.05,50.41
-0.05,50.41
-0.05,50.42
-0.05,50.42
-0.05,50.42
-0.05,50.42
-0.05,50.42
-0.05,50.42
-0.05,50.42
-0.05,50.42
-0.05,50.42
-0.05,50.42
-0.05,50.42
-0.06,50.42
-0.06,50.42
-0.06,50.42
-0.06,50.42
-0.06,50.42
-0.06,50.42
-0.06,50.42
-0.06,50.42
-0.06,50.42
-0.06,50.42
-0.06,50.42
-0.06,50.42
-0.06,50.42
-0.06,50.42
-0.06,50.42
-0.06,50.42
-0.06,49.01
-0.07,48.05
-0.07,47.41
-0.07,46.98
-0.07,46.7
-0.07,46.52
-0.07,46.4
-0.07,46.32
-0.07,46.27
-0.07,46.24
-0.07,46.21
-0.07,46.2
-0.07,46.19
-0.07,46.18
-0.07,46.18
-0.07,46.18
-0.07,46.18
-0.07,46.18
-0.06,46.17
-0.06,46.17
-0.06,46.17
-0.06,46.17
-0.06,46.17
-0.06,46.17
-0.06,46.17
-0.06,46.17
-0.06,46.17
-0.06,46.17
-0.06,46.17
-0.06,46.17
-0.06,46.17
-0.06,46.17
-0.06,46.17
-0.06,46.17
-0.06,46.17
-0.06,46.17
-0.06,46.17
-0.06,46.17
-0.06,46.17
-0.07,46.17
-0.07,48.07
-0.07,49.27
-0.07,50.03
-0.07,50.52
-0.07,50.84
-0.07,51.04
-0.07,51.17
-0.07,51.26
-0.07,51.31
-0.07,51.35
-0.07,51.37
-0.07,51.39
-0.07,51.4
-0.07,51.41
-0.06,51.41
-0.06,51.41
-0.06,51.41
-0.06,51.42
-0.06,51.42
-0.06,51.42
-0.06,51.42
-0.06,51.42
-0.06,51.42
-0.06,51.42
-0.06,51.42
-0.06,51.42
-0.06,51.42
-0.06,51.42
-0.06,51.42
-0.06,51.42
-0.06,51.42
-0.06,51.42
-0.06,51.42
-0.06,51.42
-0.06,51.42
-0.06,51.42
-0.06,51.42
-0.06,51.42
-0.06,51.42
-0.06,51.42
-0.06,51.42
-0.06,51.42
-0.06,51.42
-0.06,51.42
-0.06,51.42
-0.06,51.42
-0.06,49.47
-0.06,48.18
-0.05,47.33
-0.05,46.77
-0.05,46.41
-0.05,46.17
-0.05,46.02
-0.05,45.92
-0.05,45.85
-0.05,45.81
-0.05,45.78
-0.05,45.76
-0.05,45.75
-0.05,45.74
-0.05,45.74
-0.05,45.74
-0.05,45.73
-0.05,45.73
-0.05,45.73
-0.05,45.73
-0.05,45.73
-0.05,45.73
-0.05,45.73
-0.05,45.73
-0.05,45.73
-0.05,45.73
-0.05,45.73
-0.05,45.73
-0.05,45.73
-0.05,45.73
-0.05,45.73
-0.05,45.73
-0.05,45.73
-0.05,45.73
-0.05,45.73
-0.05,45.73
-0.05,45.73
-0.05,45.73
-0.05,45.73
-0.05,49.16
-0.05,51.46
-0.05,52.97
-0.05,53.96
-0.05,54.61
-0.05,55.03
-0.05,55.3
-0.05,55.48
-0.05,55.6
-0.05,55.67
-0.05,55.72
-0.05,55.75
-0.05,55.78
-0.05,55.79
-0.05,55.8
-0.05,55.8
-0.05,55.81
-0.05,55.81
-0.05,55.81
-0.06,55.81
-0.06,55.81
-0.06,55.81
-0.06,55.81
-0.06,55.81
-0.06,55.81
-0.06,55.81
-0.06,55.81
-0.06,55.81
-0.06,55.81
-0.06,55.81
-0.06,55.81
-0.06,55.81
-0.06,55.81
-0.06,55.81
-0.06,55.81
-0.06,55.81
-0.06,55.81
-0.06,55.81
-0.06,55.81
-0.06,55.81
-0.06,55.21
-0.06,54.82
-0.06,54.57
-0.06,54.41
-0.06,54.31
-0.06,54.24
-0.06,54.19
-0.06,54.17
-0.06,54.15
-0.06,54.14
-0.06,54.13
-0.07,54.12
-0.07,54.12
-0.07,54.12
-0.07,54.12
-0.07,54.11
-0.07,54.11
-0.07,54.11
-0.07,54.11
-0.07,54.11
-0.07,54.11
-0.07,54.11
-0.07,54.11
-0.07,54.11
-0.07,54.11
-0.07,54.11
-0.07,54.11
-0.07,54.11
-0.07,54.11
-0.07,54.11
-0.07,54.11
-0.07,54.11
-0.07,54.11
-0.07,54.11
-0.07,54.11
-0.07,54.11
-0.07,54.11
-0.07,54.11
-0.07,54.11
-0.07,51.68
-0.07,50.15
-0.07,49.17
-0.07,48.54
-0.07,48.14
-0.08,47.87
-0.08,47.7
-0.08,47.59
-0.08,47.52
-0.08,47.48
-0.08,47.45
-0.08,47.43
-0.08,47.41
-0.08,47.41
-0.08,47.4
-0.08,47.4
-0.08,47.39
-0.08,47.39
-0.08,47.39
-0.08,47.39
-0.08,47.39
-0.08,47.39
-0.08,47.39
-0.08,47.39
-0.08,47.39
-0.08,47.39
-0.08,47.39
-0.08,47.39
-0.08,47.39
-0.08,47.39
-0.07,47.39
-0.07,47.39
-0.07,47.39
-0.07,47.39
-0.07,47.39
-0.07,47.39
-0.07,47.39
-0.07,47.39
-0.07,47.39
-0.07,47.39
-0.07,47.39
-0.07,47.39
-0.07,47.39
-0.06,47.39
-0.06,47.39
-0.06,47.39
-0.06,47.08
-0.06,46.88
-0.06,46.75
-0.06,46.67
-0.06,46.62
-0.06,46.58
-0.06,46.56
-0.06,46.54
-0.06,46.53
-0.06,46.53
-0.06,46.52
-0.06,46.52
-0.06,46.52
-0.06,46.52
-0.06,46.52
-0.06,46.52
-0.05,46.52
-0.05,46.52
-0.05,46.52
-0.05,46.52
-0.05,46.52
-0.05,46.52
-0.05,46.52
-0.05,46.52
-0.05,46.52
-0.05,46.52
-0.05,46.52
-0.05,46.52
-0.05,46.52
-0.05,46.52
-0.06,46.52
-0.06,46.52
-0.06,46.52
-0.06,46.52
-0.06,46.52
-0.06,46.52
-0.06,46.52
-0.05,46.52
-0.05,46.52
-0.05,46.52
-0.05,46.52
-0.05,46.52
-0.06,46.52
-0.06,46.52
-0.06,46.52
-0.06,46.52
-0.06,46.52
-0.06,46.52
-0.06,46.52
-0.06,46.52
-0.06,46.52
-0.06,46.52
-0.06,46.52
-0.06,46.52
-0.06,46.52
-0.06,46.52
-0.06,46.52
-0.06,46.52
-0.06,46.52
-0.07,46.52
-0.07,46.52
-0.07,46.52
-0.07,46.52
-0.07,46.52
-0.07,46.52
-0.07,46.52
-0.07,46.52
-0.07,46.52
-0.07,46.52
-0.07,46.52
-0.07,46.52
-0.07,46.52
-0.07,46.52
-0.07,46.52
-0.07,46.52
-0.07,46.52
-0.07,46.52
-0.07,46.52
-0.07,46.52
-0.07,47.49
-0.07,48.15
-0.07,48.58
-0.07,48.86
-0.07,49.04
-0.07,49.17
-0.07,49.24
-0.07,49.3
-0.07,49.33
-0.07,49.35
-0.07,49.37
-0.07,49.37
-0.07,49.38
-0.07,49.38
-0.07,49.39
-0.07,49.39
-0.07,49.39
-0.07,49.39
-0.07,49.39
-0.07,49.39
-0.07,49.39
-0.07,49.39
-0.07,49.39
-0.07,49.39
-0.07,49.39
-0.07,49.39
-0.07,49.39
-0.07,49.39
-0.07,49.39
-0.07,49.39
-0.07,49.39
-0.07,49.39
-0.07,49.39
-0.07,49.39
-0.07,49.39
-0.07,49.39
-0.07,49.39
-0.07,49.39
-0.07,49.39
-0.07,49.39
-0.07,49.72
-0.07,49.95
-0.07,50.1
-0.07,50.2
-0.06,50.27
-0.06,50.31
-0.06,50.34
-0.06,50.36
-0.06,50.37
-0.06,50.38
-0.06,50.38
-0.06,50.39
-0.06,50.39
-0.06,50.39
-0.06,50.39
-0.06,50.39
-0.06,50.39
-0.06,50.39
-0.06,50.39
-0.06,50.39
-0.06,50.39
-0.06,50.39
-0.06,50.39
-0.06,50.39
-0.06,50.39
-0.06,50.39
-0.06,50.39
-0.06,50.39
-0.06,50.39
-0.06,50.39
-0.06,50.39
-0.06,50.39
-0.06,50.39
-0.06,50.39
-0.06,50.39
-0.06,50.39
-0.06,50.39
-0.06,50.39
-0.06,50.39
-0.06,50.39
-0.05,50.39
-0.05,50.39
-0.05,50.39
-0.05,50.39
-0.05,50.39
-0.05,50.39
-0.05,50.59
-0.05,50.71
-0.05,50.79
-0.05,50.84
-0.05,50.87
-0.05,50.89
-0.05,50.9
-0.05,50.91
-0.05,50.92
-0.05,50.92
-0.05,50.92
-0.05,50.93
-0.05,50.93
-0.04,50.93
-0.04,50.93
-0.04,50.93
-0.04,50.93
-0.05,50.93
-0.05,50.93
-0.05,50.93
-0.05,50.93
-0.05,50.93
-0.05,50.93
-0.05,50.93
-0.05,50.93
-0.05,50.93
-0.05,50.93
-0.05,50.93
-0.05,50.93
-0.05,50.93
-0.05,50.93
-0.05,50.93
-0.05,50.93
-0.04,50.93
-0.04,50.93
-0.04,50.93
-0.04,50.93
-0.04,50.93
-0.04,50.93
-0.04,50.93
-0.04,50.56
-0.04,50.33
-0.04,50.18
-0.04,50.09
-0.04,50.02
-0.03,49.98
-0.03,49.96
-0.03,49.94
-0.03,49.93
-0.03,49.92
-0.03,49.92
-0.03,49.91
-0.03,49.91
-0.03,49.91
-0.03,49.91
-0.04,49.91
-0.04,49.91
-0.04,49.91
-0.04,49.91
-0.04,49.91
-0.04,49.91
-0.04,49.91
-0.04,49.91
-0.04,49.91
-0.03,49.91
-0.03,49.91
-0.03,49.91
-0.03,49.91
-0.03,49.91
-0.03,49.91
-0.03,49.91
-0.03,49.91
-0.03,49.91
-0.03,49.91
-0.03,49.91
-0.03,49.91
-0.03,49.91
-0.03,49.91
-0.02,49.91
-0.02,48.14
-0.02,47
-0.02,46.26
-0.02,45.78
-0.02,45.47
-0.02,45.26
-0.02,45.13
-0.02,45.04
-0.02,44.99
-0.02,44.95
-0.02,44.93
-0.02,44.91
-0.02,44.9
-0.02,44.9
-0.02,44.89
-0.02,44.89
-0.01,44.89
-0.01,44.89
-0.01,44.89
-0.01,44.89
-0.01,44.89
-0.01,44.89
-0.01,44.89
-0.01,44.89
-0.01,44.89
-0.01,44.89
-0.02,44.89
-0.02,44.89
-0.02,44.89
-0.02,44.89
-0.02,44.89
-0.02,44.89
-0.02,44.89
-0.02,44.89
-0.02,44.89
-0.02,44.89
-0.02,44.89
-0.02,44.89
-0.02,44.89
-0.02,44.89
-0.02,44.89
-0.02,44.89
-0.02,44.89
-0.02,44.89
-0.02,44.89
-0.02,44.89
-0.02,44.89
-0.02,46.1
-0.02,46.9
-0.02,47.42
-0.02,47.76
-0.02,47.98
-0.02,48.12
-0.02,48.21
-0.02,48.27
-0.02,48.31
-0.02,48.34
-0.02,48.35
-0.02,48.36
-0.02,48.37
-0.02,48.38
-0.02,48.38
-0.01,48.38
-0.01,48.38
-0.01,48.38
-0.01,48.38
-0.01,48.38
-0.01,48.38
-0.01,48.38
-0.01,48.38
-0.01,48.38
-0.01,48.38
-0.01,48.38
-0.01,48.38
-0.01,48.38
-0.01,48.38
0,48.38
0,48.38
0,48.38
0,48.38
0,48.38
0,48.38
0,48.38
0,48.38
0,48.38
0,48.38
0,48.36
0,48.35
0,48.34
0,48.33
0,48.33
0,48.33
0,48.33
0.01,48.33
0.01,48.32
0.01,48.32
0.01,48.32
0.01,48.32
0.01,48.32
0.01,48.32
0.01,48.32
0.01,48.32
0.01,48.32
0.01,48.32
0.01,48.32
0.01,48.32
0.01,48.32
0.01,48.32
0.01,48.32
0.01,48.32
0.01,48.32
0.01,48.32
0.01,48.32
0.01,48.32
0.01,48.32
0.01,48.32
0.01,48.32
0.01,48.32
0.01,48.32
0.01,48.32
0.01,48.32
0.01,48.32
0.01,48.32
0.01,48.32
0.01,48.32
0.01,48.32
0.01,47.16
0.01,46.44
0.01,45.98
0.01,45.7
0.01,45.51
0.01,45.39
0.01,45.32
0.01,45.27
0.01,45.24
0.01,45.21
0.01,45.2
0.01,45.19
0.01,45.19
0.01,45.18
0.01,45.18
0.01,45.18
0.01,45.18
0.01,45.18
0.01,45.18
0.02,45.18
0.02,45.18
0.02,45.18
0.02,45.18
0.02,45.18
0.02,45.18
0.02,45.18
0.01,45.18
0.01,45.18
0.01,45.18
0.01,45.18
0.01,45.18
0.01,45.18
0.01,45.18
0.01,45.18
0.02,45.18
0.02,45.18
0.02,45.18
0.02,45.18
0.02,45.18
0.02,45.18
0.02,48.41
0.02,50.69
0.02,52.26
0.02,53.31
0.02,54
0.02,54.46
0.02,54.76
0.03,54.96
0.03,55.09
0.03,55.17
0.03,55.23
0.03,55.26
0.03,55.29
0.03,55.3
0.03,55.31
0.03,55.32
0.03,55.32
0.03,55.32
0.03,55.33
0.03,55.33
0.02,55.33
0.02,55.33
0.02,55.33
0.02,55.33
0.02,55.33
0.02,55.33
0.02,55.33
0.02,55.33
0.02,55.33
0.02,55.33
0.02,55.33
0.02,55.33
0.02,55.33
0.02,55.33
0.02,55.33
0.02,55.33
0.01,55.33
0.01,55.33
0.01,55.33
0.01,55.33
0.01,55.33
0.01,55.33
0.01,55.33
0.01,55.33
0.01,55.33
0.01,55.33
0.01,54.12
0.01,53.36
0.02,52.87
0.02,52.56
0.02,52.35
0.02,52.22
0.02,52.14
0.02,52.08
0.02,52.05
0.02,52.02
0.02,52.01
0.02,52
0.02,51.99
0.02,51.99
0.02,51.98
0.02,51.98
0.02,51.98
0.02,51.98
0.02,51.98
0.02,51.98
0.02,51.98
0.02,51.98
0.02,51.98
0.02,51.98
0.02,51.98
0.02,51.98
0.02,51.98
0.02,51.98
0.02,51.98
0.02,51.98
0.02,51.98
0.02,51.98
0.02,51.98
0.02,51.98
0.02,51.98
0.02,51.98
0.02,51.98
0.02,51.98
0.02,51.98
0.02,47.45
0.02,44.84
0.02,43.27
0.02,42.31
0.02,41.7
0.02,41.31
0.02,41.06
0.02,40.9
0.02,40.8
0.02,40.73
0.02,40.69
0.02,40.66
0.02,40.64
0.02,40.63
0.02,40.62
0.02,40.62
0.02,40.61
0.03,40.61
0.03,40.61
0.03,40.61
0.03,40.61
0.03,40.61
0.03,40.61
0.03,40.61
0.03,40.61
0.03,40.61
0.03,40.61
0.03,40.61
0.03,40.61
0.03,40.61
0.03,40.61
0.03,40.61
0.03,40.61
0.03,40.61
0.03,40.61
0.03,40.61
0.03,40.61
0.03,40.61
0.03,40.61
0.04,40.61
0.04,43.81
0.04,46.12
0.04,47.72
0.04,48.8
0.04,49.53
0.04,50.01
0.04,50.33
0.04,50.53
0.04,50.67
0.04,50.76
0.04,50.81
0.04,50.85
0.04,50.87
0.04,50.89
0.04,50.9
0.04,50.91
0.04,50.91
0.04,50.91
0.04,50.92
0.04,50.92
0.04,50.92
0.04,50.92
0.04,50.92
0.04,50.92
0.04,50.92
0.04,50.92
0.04,50.92
0.04,50.92
0.04,50.92
0.04,50.92
0.04,50.92
0.04,50.92
0.04,50.92
0.04,50.92
0.04,50.92
0.04,50.92
0.04,50.92
0.04,50.92
0.05,50.92
0.05,50.92
0.05,50.56
0.05,50.33
0.05,50.17
0.05,50.07
0.05,50
0.05,49.95
0.05,49.92
0.05,49.91
0.05,49.89
0.05,49.88
0.05,49.88
0.05,49.88
0.05,49.87
0.05,49.87
0.05,49.87
0.05,49.87
0.05,49.87
0.05,49.87
0.05,49.87
0.05,49.87
0.05,49.87
0.05,49.87
0.05,49.87
0.05,49.87
0.05,49.87
0.05,49.87
0.05,49.87
0.05,49.87
0.05,49.87
0.05,49.87
0.05,49.87
0.05,49.87
0.05,49.87
0.05,49.87
0.05,49.87
0.05,49.87
0.05,49.87
0.05,49.87
0.05,49.87
0.05,49.87
0.05,49.87
0.05,49.87
0.05,49.87
0.05,49.87
0.05,49.87
0.05,49.87
0.05,50.25
0.05,50.49
0.05,50.64
0.05,50.74
0.05,50.8
0.05,50.84
0.05,50.86
0.05,50.88
0.05,50.89
0.05,50.9
0.06,50.9
0.06,50.91
0.06,50.91
0.06,50.91
0.06,50.91
0.06,50.91
0.06,50.91
0.06,50.91
0.06,50.91
0.06,50.91
0.06,50.91
0.06,50.91
0.06,50.91
0.06,50.91
0.05,50.91
0.05,50.91
0.05,50.91
0.05,50.91
0.05,50.91
0.05,50.91
0.05,50.91
0.05,50.91
0.05,50.91
0.05,50.91
0.05,50.91
0.05,50.91
0.05,50.91
0.05,50.91
0.05,50.91
0.05,50.91
0.05,51.28
0.05,51.53
0.05,51.7
0.05,51.81
0.05,51.88
0.06,51.93
0.06,51.96
0.06,51.98
0.05,51.99
0.05,52
0.05,52.01
0.05,52.01
0.05,52.01
0.05,52.02
0.05,52.02
0.05,52.02
0.05,52.02
0.05,52.02
0.05,52.02
0.05,52.02
0.05,52.02
0.05,52.02
0.05,52.02
0.05,52.02
0.05,52.02
0.05,52.02
0.05,52.02
0.05,52.02
0.05,52.02
0.06,52.02
0.06,52.02
0.06,52.02
0.06,52.02
0.06,52.02
0.06,52.02
0.06,52.02
0.06,52.02
0.06,52.02
0.06,52.02
0.06,52.02
0.06,50.33
0.06,49.29
0.06,48.64
0.06,48.22
0.06,47.96
0.07,47.79
0.07,47.68
0.07,47.61
0.07,47.56
0.07,47.53
0.07,47.51
0.07,47.5
0.07,47.49
0.07,47.48
0.07,47.48
0.07,47.48
0.07,47.48
0.07,47.48
0.06,47.48
0.06,47.47
0.06,47.47
0.06,47.47
0.06,47.47
0.06,47.47
0.06,47.47
0.06,47.47
0.06,47.47
0.06,47.47
0.06,47.47
0.06,47.47
0.06,47.47
0.06,47.47
0.06,47.47
0.06,47.47
0.06,47.47
0.06,47.47
0.06,47.47
0.06,47.47
0.06,47.47
0.05,47.47
0.06,47.47
0.06,47.47
0.06,47.47
0.06,47.47
0.06,47.47
0.06,47.47
0.06,48.45
0.06,49.11
0.06,49.56
0.06,49.85
0.06,50.04
0.06,50.17
0.06,50.25
0.06,50.31
0.06,50.34
0.06,50.36
0.06,50.38
0.06,50.39
0.06,50.39
0.06,50.4
0.05,50.4
0.05,50.4
0.05,50.4
0.05,50.4
0.05,50.4
0.05,50.4
0.05,50.41
0.05,50.41
0.05,50.41
0.05,50.41
0.05,50.41
0.05,50.41
0.05,50.41
0.05,50.41
0.05,50.41
0.05,50.41
0.05,50.41
0.05,50.41
0.05,50.41
0.05,50.41
0.05,50.41
0.05,50.41
0.05,50.41
0.05,50.41
0.05,50.41
0.05,48.81
0.05,47.82
0.05,47.2
0.05,46.81
0.05,46.56
0.06,46.4
0.06,46.29
0.06,46.23
0.06,46.18
0.06,46.15
0.06,46.14
0.06,46.12
0.06,46.12
0.06,46.11
0.05,46.11
0.05,46.11
0.05,46.1
0.05,46.1
0.05,46.1
0.05,46.1
0.05,46.1
0.04,46.1
0.04,46.1
0.04,46.1
0.04,46.1
0.04,46.1
0.04,46.1
0.04,46.1
0.04,46.1
0.04,46.1
0.04,46.1
0.04,46.1
0.04,46.1
0.04,46.1
0.05,46.1
0.05,46.1
0.05,46.1
0.05,46.1
0.05,46.1
0.05,46.1
0.05,46.87
0.05,47.39
0.05,47.73
0.05,47.96
0.05,48.11
0.05,48.2
0.05,48.27
0.05,48.31
0.05,48.33
0.05,48.35
0.05,48.36
0.05,48.37
0.05,48.38
0.05,48.38
0.05,48.38
0.05,48.38
0.05,48.38
0.05,48.38
0.05,48.38
0.05,48.38
0.05,48.38
0.05,48.38
0.05,48.38
0.05,48.38
0.05,48.38
0.05,48.38
0.05,48.38
0.05,48.38
0.05,48.38
0.06,48.38
0.06,48.38
0.06,48.38
0.06,48.38
0.06,48.38
0.06,48.38
0.06,48.38
0.06,48.38
0.06,48.38
0.06,48.38
0.06,48.38
0.06,48.34
0.06,48.31
0.06,48.29
0.06,48.28
0.06,48.27
0.06,48.27
0.06,48.27
0.07,48.26
0.07,48.26
0.07,48.26
0.07,48.26
0.07,48.26
0.07,48.26
0.06,48.26
0.06,48.26
0.06,48.26
0.06,48.26
0.06,48.26
0.06,48.26
0.06,48.26
0.06,48.26
0.06,48.26
0.06,48.26
0.06,48.26
0.06,48.26
0.06,48.26
0.06,48.26
0.06,48.26
0.06,48.26
0.06,48.26
0.06,48.26
0.06,48.26
0.05,48.26
0.05,48.26
0.05,48.26
0.05,48.26
0.05,48.26
0.05,48.26
0.06,48.26
0.06,48.26
0.06,48.26
0.06,48.26
0.06,48.26
0.06,48.26
0.06,48.26
0.06,48.26
0.06,49.4
0.06,50.13
0.06,50.59
0.06,50.89
0.06,51.08
0.06,51.21
0.06,51.29
0.06,51.34
0.06,51.38
0.06,51.4
0.06,51.41
0.06,51.42
0.06,51.43
0.06,51.43
0.06,51.44
0.06,51.44
0.06,51.44
0.06,51.44
0.06,51.44
0.06,51.44
0.06,51.44
0.06,51.44
0.06,51.44
0.06,51.44
0.06,51.44
0.06,51.44
0.06,51.44
0.06,51.44
0.06,51.44
0.07,51.44
0.07,51.44
0.07,51.44
0.07,51.44
0.07,51.44
0.07,51.44
0.07,51.44
0.07,51.44
0.07,51.44
0.07,51.44
0.07,51.44
0.07,51.27
0.07,51.16
0.07,51.08
0.07,51.03
0.07,51
0.07,50.98
0.07,50.96
0.07,50.96
0.07,50.95
0.07,50.95
0.07,50.94
0.07,50.94
0.07,50.94
0.07,50.94
0.07,50.94
0.07,50.94
0.07,50.94
0.07,50.94
0.07,50.94
0.07,50.94
0.08,50.94
0.08,50.94
0.08,50.94
0.08,50.94
0.08,50.94
0.08,50.94
0.08,50.94
0.08,50.94
0.08,50.94
0.08,50.94
0.08,50.94
0.08,50.94
0.08,50.94
0.08,50.94
0.08,50.94
0.08,50.94
0.08,50.94
0.08,50.94
0.08,50.94
0.08,50.94
0.08,50.75
0.08,50.63
0.08,50.55
0.08,50.5
0.08,50.46
0.08,50.44
0.08,50.43
0.08,50.42
0.08,50.41
0.08,50.41
0.08,50.4
0.08,50.4
0.08,50.4
0.08,50.4
0.08,50.4
0.08,50.4
0.08,50.4
0.08,50.4
0.08,50.4
0.07,50.4
0.07,50.4
0.07,50.4
0.07,50.4
0.07,50.4
0.07,50.4
0.07,50.4
0.07,50.4
0.07,50.4
0.06,50.4
0.06,50.4
0.06,50.4
0.06,50.4
0.06,50.4
0.06,50.4
0.06,50.4
0.06,50.4
0.06,50.4
0.06,50.4
0.06,50.4
0.07,48.77
0.07,47.79
0.07,47.18
0.07,46.79
0.07,46.55
0.07,46.39
0.07,46.29
0.07,46.22
0.07,46.18
0.07,46.15
0.07,46.14
0.07,46.12
0.07,46.12
0.07,46.11
0.07,46.11
0.07,46.11
0.07,46.1
0.07,46.1
0.07,46.1
0.07,46.1
0.07,46.1
0.07,46.1
0.07,46.1
0.07,46.1
0.07,46.1
0.07,46.1
0.07,46.1
0.07,46.1
0.07,46.1
0.07,46.1
0.07,46.1
0.07,46.1
0.07,46.1
0.07,46.1
0.07,46.1
0.07,46.1
0.07,46.1
0.07,46.1
0.07,46.1
0.07,46.1
0.07,46.1
0.07,46.1
0.07,46.1
0.07,46.1
0.07,46.1
0.07,46.1
0.07,46.1
0.07,45.59
0.07,45.26
0.07,45.04
0.07,44.9
0.07,44.81
0.07,44.75
0.07,44.71
0.07,44.69
0.07,44.67
0.07,44.66
0.07,44.65
0.07,44.65
0.07,44.65
0.07,44.64
0.07,44.64
0.07,44.64
0.07,44.64
0.07,44.64
0.07,44.64
0.07,44.64
0.07,44.64
0.07,44.64
0.08,44.64
0.08,44.64
0.08,44.64
0.08,44.64
0.08,44.64
0.08,44.64
0.08,44.64
0.08,44.64
0.08,44.64
0.08,44.64
0.08,44.64
0.08,44.64
0.08,44.64
0.08,44.64
0.08,44.64
0.08,44.64
0.08,44.64
0.08,44.59
0.08,44.55
0.08,44.53
0.08,44.51
0.08,44.5
0.08,44.5
0.08,44.49
0.08,44.49
0.08,44.49
0.09,44.49
0.09,44.49
0.09,44.49
0.09,44.49
0.09,44.49
0.09,44.49
0.09,44.49
0.09,44.49
0.09,44.49
0.09,44.49
0.09,44.49
0.09,44.49
0.09,44.49
0.09,44.49
0.09,44.49
0.09,44.49
0.09,44.49
0.09,44.49
0.09,44.49
0.09,44.49
0.09,44.49
0.09,44.49
0.09,44.49
0.09,44.49
0.09,44.49
0.09,44.49
0.09,44.49
0.09,44.49
0.09,44.49
0.09,44.49
0.09,44.49
0.09,44.01
0.09,43.71
0.09,43.52
0.09,43.4
0.09,43.33
0.1,43.28
0.1,43.25
0.1,43.23
0.1,43.21
0.1,43.21
0.1,43.2
0.1,43.2
0.1,43.19
0.1,43.19
0.1,43.19
0.1,43.19
0.1,43.19
0.1,43.19
0.1,43.19
0.1,43.19
0.1,43.19
0.1,43.19
0.09,43.19
0.09,43.19
0.09,43.19
0.09,43.19
0.09,43.19
0.09,43.19
0.09,43.19
0.09,43.19
0.09,43.19
0.09,43.19
0.09,43.19
0.09,43.19
0.09,43.19
0.09,43.19
0.08,43.19
0.08,43.19
0.08,43.19
0.08,43.19
0.08,48.23
0.08,52
0.08,54.68
0.08,56.52
0.08,57.76
0.08,58.59
0.08,59.13
0.08,59.49
0.08,59.72
0.08,59.87
0.08,59.97
0.08,60.04
0.08,60.08
0.08,60.11
0.08,60.12
0.08,60.14
0.08,60.14
0.08,60.15
0.08,60.15
0.08,60.15
0.08,60.16
0.08,60.16
0.08,60.16
0.08,60.16
0.08,60.16
0.08,60.16
0.08,60.16
0.08,60.16
0.08,60.16
0.08,60.16
0.08,60.16
0.08,60.16
0.08,60.16
0.08,60.16
0.08,60.16
0.08,60.16
0.08,60.16
0.08,60.16
0.08,60.16
0.09,60.16
0.09,60.16
0.09,60.16
0.09,60.16
0.08,60.16
0.08,60.16
0.08,60.16
0.08,54.07
0.08,50.54
0.08,48.41
0.08,47.1
0.08,46.27
0.08,45.74
0.08,45.41
0.08,45.19
0.08,45.05
0.08,44.96
0.08,44.9
0.08,44.86
0.08,44.84
0.08,44.82
0.08,44.81
0.08,44.8
0.08,44.8
0.08,44.8
0.08,44.79
0.08,44.79
0.08,44.79
0.08,44.79
0.08,44.79
0.08,44.79
0.08,44.79
0.08,44.79
0.08,44.79
0.08,44.79
0.08,44.79
0.08,44.79
0.08,44.79
0.08,44.79
0.08,44.79
0.08,44.79
0.08,44.79
0.08,44.79
0.08,44.79
0.08,44.79
0.08,44.79
0.08,44.79
0.08,46.09
0.08,46.99
0.08,47.61
0.08,48.02
0.08,48.29
0.08,48.48
0.08,48.59
0.08,48.67
0.08,48.72
0.08,48.75
0.08,48.77
0.08,48.79
0.08,48.8
0.08,48.8
0.08,48.81
0.07,48.81
0.07,48.81
0.07,48.81
0.07,48.81
0.07,48.81
0.07,48.81
0.07,48.81
0.07,48.81
0.07,48.81
0.07,48.81
0.07,48.81
0.07,48.81
0.07,48.81
0.07,48.81
0.07,48.81
0.07,48.81
0.07,48.81
0.07,48.81
0.07,48.81
0.07,48.81
0.07,48.81
0.07,48.81
0.07,48.81
0.07,48.81
0.07,48.81
0.07,48.81
0.07,48.81
0.07,48.81
0.07,48.81
0.07,48.81
0.07,48.81
0.07,48.81
0.07,48.81
0.07,48.81
0.07,48.81
0.07,48.81
0.07,48.81
0.07,48.81
0.07,48.81
0.07,48.81
0.07,48.81
0.07,48.81
0.07,48.81
0.07,48.81
0.07,48.81
0.07,48.81
0.07,48.81
0.07,48.81
0.07,48.81
0.07,48.81
0.07,48.81
0.07,48.81
0.07,48.81
0.07,48.81
0.07,48.81
0.08,48.81
0.08,48.81
0.08,48.81
0.08,48.81
0.08,48.81
0.08,48.81
0.08,48.81
0.08,48.81
0.08,48.81
0.08,48.81
0.08,48.81
0.08,48.81
0.08,48.81
0.08,48.81
0.08,48.81
0.08,48.81
0.08,48.13
0.08,47.71
0.08,47.43
0.09,47.26
0.09,47.15
0.09,47.08
0.09,47.03
0.09,47
0.09,46.98
0.09,46.97
0.09,46.96
0.09,46.96
0.09,46.95
0.09,46.95
0.09,46.95
0.09,46.95
0.09,46.95
0.09,46.95
0.09,46.95
0.09,46.95
0.09,46.95
0.09,46.95
0.09,46.95
0.09,46.95
0.09,46.95
0.09,46.95
0.09,46.95
0.09,46.95
0.09,46.95
0.09,46.95
0.09,46.95
0.09,46.95
0.09,46.95
0.09,46.95
0.09,46.95
0.09,46.95
0.09,46.95
0.09,46.95
0.09,46.95
0.09,46.95
0.09,47.54
0.09,47.95
0.09,48.23
0.09,48.41
0.08,48.53
0.08,48.61
0.08,48.67
0.08,48.7
0.08,48.72
0.08,48.74
0.09,48.75
0.09,48.75
0.09,48.76
0.09,48.76
0.09,48.76
0.09,48.76
0.09,48.76
0.08,48.76
0.08,48.76
0.08,48.76
0.08,48.76
0.08,48.76
0.08,48.76
0.08,48.76
0.08,48.76
0.08,48.76
0.08,48.76
0.08,48.76
0.08,48.76
0.08,48.76
0.08,48.76
0.08,48.76
0.08,48.76
0.07,48.76
0.07,48.76
0.07,48.76
0.07,48.76
0.07,48.76
0.07,48.76
0.07,49.9
0.07,50.65
0.07,51.14
0.07,51.46
0.07,51.67
0.07,51.81
0.07,51.9
0.07,51.95
0.07,51.99
0.07,52.02
0.07,52.03
0.07,52.04
0.07,52.05
0.07,52.05
0.07,52.06
0.07,52.06
0.07,52.06
0.07,52.06
0.07,52.06
0.07,52.06
0.07,52.06
0.07,52.06
0.07,52.06
0.06,52.06
0.06,52.06
0.06,52.06
0.06,52.06
0.06,52.06
0.06,52.06
0.06,52.06
0.06,52.06
0.06,52.06
0.06,52.06
0.06,52.06
0.06,52.06
0.05,52.06
0.05,52.06
0.05,52.06
0.05,52.06
0.05,52.06
0.05,50.89
0.05,50.14
0.05,49.66
0.05,49.34
0.05,49.14
0.05,49.01
0.05,48.92
0.05,48.87
0.05,48.83
0.05,48.81
0.04,48.79
0.04,48.78
0.04,48.77
0.04,48.77
0.04,48.77
0.04,48.77
0.04,48.77
0.04,48.76
0.04,48.76
0.04,48.76
0.04,48.76
0.04,48.76
0.04,48.76
0.04,48.76
0.04,48.76
0.04,48.76
0.04,48.76
0.04,48.76
0.05,48.76
0.05,48.76
0.05,48.76
0.05,48.76
0.05,48.76
0.05,48.76
0.05,48.76
0.05,48.76
0.05,48.76
0.05,48.76
0.05,48.76
0.05,48.76
0.06,48.76
0.06,48.76
0.06,48.76
0.06,48.76
0.06,48.76
0.06,48.76
0.06,47.75
0.06,47.14
0.06,46.77
0.06,46.53
0.06,46.38
0.06,46.28
0.06,46.22
0.06,46.18
0.06,46.15
0.06,46.13
0.06,46.12
0.06,46.12
0.06,46.11
0.06,46.11
0.06,46.11
0.06,46.1
0.06,46.1
0.06,46.1
0.06,46.1
0.05,46.1
0.05,46.1
0.05,46.1
0.05,46.1
0.05,46.1
0.05,46.1
0.05,46.1
0.04,46.1
0.04,46.1
0.04,46.1
0.04,46.1
0.04,46.1
0.04,46.1
0.04,46.1
0.04,46.1
0.04,46.1
0.04,46.1
0.04,46.1
0.04,46.1
0.05,46.1
0.05,46.1
0.05,46.87
0.05,47.39
0.05,47.73
0.05,47.96
0.05,48.11
0.05,48.2
0.05,48.27
0.05,48.31
0.05,48.33
0.05,48.35
0.05,48.36
0.05,48.37
0.05,48.38
0.05,48.38
0.05,48.38
0.05,48.38
0.05,48.38
0.05,48.38
0.05,48.38
0.05,48.38
0.05,48.38
0.05,48.38
0.05,48.38
0.05,48.38
0.05,48.38
0.04,48.38
0.04,48.38
0.04,48.38
0.05,48.38
0.05,48.38
0.05,48.38
0.05,48.38
0.05,48.38
0.05,48.38
0.05,48.38
0.05,48.38
0.05,48.38
0.05,48.38
0.05,48.38
0.05,48.92
0.05,49.27
0.05,49.49
0.05,49.64
0.05,49.73
0.05,49.79
0.05,49.83
0.05,49.86
0.05,49.88
0.05,49.89
0.05,49.9
0.05,49.9
0.05,49.9
0.05,49.91
0.05,49.91
0.05,49.91
0.05,49.91
0.05,49.91
0.05,49.91
0.05,49.91
0.05,49.91
0.05,49.91
0.05,49.91
0.05,49.91
0.05,49.91
0.05,49.91
0.05,49.91
0.05,49.91
0.05,49.91
0.05,49.91
0.05,49.91
0.05,49.91
0.05,49.91
0.05,49.91
0.05,49.91
0.05,49.91
0.05,49.91
0.05,49.91
0.05,49.91
0.05,49.91
0.05,49.9
0.05,49.9
0.05,49.9
0.05,49.89
0.05,49.89
0.05,49.89
0.05,49.89
0.05,49.89
0.05,49.89
0.05,49.89
0.05,49.89
0.05,49.89
0.05,49.89
0.05,49.89
0.05,49.89
0.05,49.89
0.05,49.89
0.05,49.89
0.05,49.89
0.05,49.89
0.05,49.89
0.05,49.89
0.05,49.89
0.05,49.89
0.05,49.89
0.05,49.89
0.05,49.89
0.05,49.89
0.05,49.89
0.05,49.89
0.05,49.89
0.05,49.89
0.05,49.89
0.05,49.89
0.05,49.89
0.05,49.89
0.05,49.89
0.05,49.89
0.05,49.89
0.05,49.89
0.06,49.89
0.06,49.89
0.06,49.89
0.06,49.89
0.06,49.89
0.06,49.89
0.06,50.26
0.06,50.49
0.06,50.64
0.06,50.74
0.06,50.8
0.06,50.84
0.06,50.87
0.06,50.89
0.06,50.9
0.06,50.91
0.06,50.91
0.06,50.91
0.06,50.92
0.06,50.92
0.06,50.92
0.06,50.92
0.06,50.92
0.06,50.92
0.06,50.92
0.06,50.92
0.06,50.92
0.06,50.92
0.06,50.92
0.06,50.92
0.06,50.92
0.06,50.92
0.06,50.92
0.06,50.92
0.06,50.92
0.06,50.92
0.06,50.92
0.06,50.92
0.07,50.92
0.07,50.92
0.07,50.92
0.07,50.92
0.07,50.92
0.07,50.92
0.07,50.92
0.07,50.92
0.07,48.98
0.07,47.73
0.07,46.92
0.07,46.4
0.07,46.06
0.07,45.85
0.07,45.7
0.07,45.61
0.07,45.55
0.07,45.51
0.07,45.49
0.07,45.47
0.07,45.46
0.07,45.45
0.07,45.45
0.07,45.45
0.07,45.44
0.07,45.44
0.07,45.44
0.07,45.44
0.07,45.44
0.07,45.44
0.07,45.44
0.07,45.44
0.07,45.44
0.07,45.44
0.07,45.44
0.07,45.44
0.07,45.44
0.07,45.44
0.07,45.44
0.07,45.44
0.07,45.44
0.07,45.44
0.07,45.44
0.07,45.44
0.07,45.44
0.07,45.44
0.07,45.44
0.07,47.46
0.07,48.82
0.07,49.73
0.07,50.33
0.07,50.73
0.07,50.98
0.07,51.15
0.07,51.26
0.07,51.33
0.07,51.38
0.07,51.41
0.08,51.43
0.08,51.44
0.08,51.45
0.08,51.45
0.08,51.46
0.08,51.46
0.08,51.46
0.08,51.46
0.08,51.46
0.08,51.46
0.08,51.46
0.08,51.46
0.08,51.46
0.08,51.46
0.08,51.46
0.08,51.46
0.08,51.46
0.08,51.46
0.08,51.46
0.08,51.46
0.07,51.46
0.07,51.46
0.07,51.46
0.07,51.46
0.07,51.46
0.07,51.46
0.07,51.46
0.07,51.46
0.07,51.46
0.07,51.46
0.07,51.46
0.07,51.46
0.07,51.46
0.07,51.46
0.07,51.46
0.07,51.46
0.07,49.62
0.06,48.44
0.06,47.68
0.06,47.19
0.06,46.88
0.06,46.67
0.06,46.54
0.06,46.45
0.06,46.4
0.06,46.36
0.06,46.34
0.06,46.32
0.06,46.31
0.06,46.31
0.06,46.3
0.06,46.3
0.06,46.3
0.07,46.3
0.07,46.3
0.07,46.3
0.07,46.29
0.07,46.29
0.07,46.29
0.07,46.29
0.07,46.29
0.07,46.29
0.07,46.29
0.07,46.29
0.07,46.29
0.07,46.29
0.07,46.29
0.06,46.29
0.06,46.29
0.06,46.29
0.06,46.29
0.06,46.29
0.06,46.29
0.06,46.29
0.06,46.29
0.06,45.94
0.06,45.72
0.06,45.57
0.06,45.48
0.06,45.41
0.06,45.37
0.06,45.35
0.06,45.33
0.07,45.32
0.07,45.31
0.07,45.31
0.07,45.31
0.07,45.3
0.06,45.3
0.06,45.3
0.06,45.3
0.06,45.3
0.06,45.3
0.06,45.3
0.06,45.3
0.06,45.3
0.06,45.3
0.06,45.3
0.06,45.3
0.06,45.3
0.06,45.3
0.06,45.3
0.06,45.3
0.06,45.3
0.06,45.3
0.06,45.3
0.06,45.3
0.06,45.3
0.06,45.3
0.07,45.3
0.07,45.3
0.07,45.3
0.07,45.3
0.07,45.3
0.07,45.3
0.07,46.73
0.07,47.66
0.07,48.27
0.07,48.66
0.07,48.92
0.07,49.08
0.07,49.19
0.07,49.26
0.07,49.31
0.07,49.34
0.07,49.36
0.07,49.37
0.07,49.38
0.07,49.38
0.07,49.39
0.07,49.39
0.07,49.39
0.07,49.39
0.08,49.39
0.08,49.39
0.08,49.39
0.08,49.39
0.08,49.39
0.08,49.39
0.08,49.39
0.08,49.39
0.08,49.39
0.08,49.39
0.08,49.39
0.08,49.39
0.08,49.39
0.08,49.39
0.08,49.39
0.08,49.39
0.08,49.39
0.08,49.39
0.08,49.39
0.08,49.39
0.08,49.39
0.08,49.39
0.08,49.02
0.08,48.78
0.08,48.62
0.08,48.52
0.08,48.45
0.08,48.41
0.08,48.38
0.07,48.36
0.07,48.35
0.07,48.34
0.07,48.33
0.07,48.33
0.07,48.33
0.07,48.33
0.07,48.33
0.07,48.32
0.07,48.32
0.07,48.32
0.07,48.32
0.07,48.32
0.07,48.32
0.07,48.32
0.07,48.32
0.07,48.32
0.07,48.32
0.07,48.32
0.07,48.32
0.07,48.32
0.07,48.32
0.06,48.32
0.06,48.32
0.06,48.32
0.06,48.32
0.06,48.32
0.06,48.32
0.06,48.32
0.06,48.32
0.07,48.32
0.07,48.32
0.07,48.32
0.07,48.32
0.07,48.32
0.07,48.32
0.07,48.32
0.07,48.32
0.07,48.32
0.07,49.76
0.07,50.74
0.07,51.39
0.07,51.83
0.08,52.11
0.08,52.3
0.08,52.42
0.08,52.5
0.08,52.56
0.08,52.59
0.08,52.61
0.08,52.63
0.08,52.64
0.08,52.64
0.08,52.65
0.08,52.65
0.08,52.65
0.08,52.65
0.08,52.65
0.08,52.65
0.08,52.65
0.08,52.65
0.08,52.65
0.08,52.65
0.08,52.65
0.08,52.65
0.08,52.65
0.08,52.65
0.08,52.65
0.08,52.65
0.08,52.65
0.08,52.65
0.08,52.65
0.08,52.65
0.07,52.65
0.07,52.65
0.07,52.65
0.07,52.65
0.07,52.65
0.07,51.45
0.07,51.82
0.07,52.04
0.07,52.18
0.07,52.27
0.07,52.33
0.07,52.36
0.07,52.39
0.07,52.4
0.07,52.41
0.07,52.42
0.07,52.42
0.07,52.43
0.07,52.43
0.07,52.43
0.07,52.43
0.07,52.43
0.07,52.43
0.07,52.43
0.07,52.43
0.07,52.43
0.07,52.43
0.07,52.43
0.07,52.43
0.07,52.43
0.07,52.43
0.07,52.43
0.07,52.43
0.07,52.43
0.07,52.43
0.07,52.43
0.07,52.43
0.07,52.43
0.07,52.43
0.07,52.43
0.07,52.43
0.06,52.43
0.06,52.43
0.06,52.43
0.06,52.43
0.06,49.63
0.06,47.88
0.06,46.78
0.06,46.07
0.06,45.62
0.06,45.33
0.06,45.14
0.06,45.02
0.06,44.94
0.06,44.89
0.06,44.85
0.06,44.83
0.06,44.82
0.06,44.81
0.06,44.8
0.06,44.8
0.06,44.79
0.06,44.79
0.06,44.79
0.06,44.79
0.06,44.79
0.07,44.79
0.07,44.79
0.07,44.79
0.07,44.79
0.07,44.79
0.07,44.79
0.07,44.79
0.08,44.79
0.08,44.79
0.08,44.79
0.08,44.79
0.08,44.79
0.08,44.79
0.07,44.79
0.07,44.79
0.07,44.79
0.07,44.79
0.07,44.79
0.07,44.79
0.07,46.83
0.07,48.21
0.07,49.14
0.07,49.75
0.07,50.16
0.07,50.42
0.07,50.6
0.07,50.71
0.07,50.78
0.07,50.83
0.07,50.86
0.07,50.88
0.07,50.9
0.07,50.9
0.07,50.91
0.07,50.91
0.07,50.92
0.07,50.92
0.07,50.92
0.07,50.92
0.06,50.92
0.06,50.92
0.06,50.92
0.06,50.92
0.06,50.92
0.06,50.92
0.06,50.92
0.07,50.92
0.07,50.92
0.07,50.92
0.07,50.92
0.07,50.92
0.07,50.92
0.07,50.92
0.07,50.92
0.07,50.92
0.07,50.92
0.08,50.92
0.08,50.92
0.08,50.92
0.08,50.92
0.08,50.92
0.08,50.92
0.08,50.92
0.08,50.92
0.08,50.92
0.08,51.1
0.08,51.22
0.08,51.3
0.08,51.35
0.08,51.38
0.09,51.4
0.09,51.41
0.09,51.42
0.09,51.43
0.09,51.43
0.09,51.44
0.09,51.44
0.09,51.44
0.09,51.44
0.09,51.44
0.09,51.44
0.09,51.44
0.09,51.44
0.09,51.44
0.09,51.44
0.09,51.44
0.09,51.44
0.09,51.44
0.09,51.44
0.09,51.44
0.09,51.44
0.09,51.44
0.09,51.44
0.09,51.44
0.09,51.44
0.09,51.44
0.09,51.44
0.09,51.44
0.09,51.44
0.09,51.44
0.09,51.44
0.09,51.44
0.09,51.44
0.1,51.44
0.1,51.44
0.1,49.65
0.1,48.53
0.1,47.81
0.1,47.36
0.1,47.06
0.1,46.87
0.1,46.75
0.1,46.67
0.1,46.61
0.1,46.58
0.1,46.56
0.1,46.54
0.1,46.53
0.1,46.53
0.1,46.52
0.1,46.52
0.1,46.52
0.1,46.52
0.1,46.52
0.1,46.52
0.1,46.52
0.1,46.52
0.1,46.52
0.1,46.52
0.1,46.52
0.1,46.52
0.1,46.52
0.1,46.52
0.1,46.52
0.1,46.52
0.1,46.52
0.1,46.52
0.11,46.52
0.11,46.52
0.11,46.52
0.11,46.52
0.11,46.52
0.11,46.52
0.11,46.52
0.11,47.03
0.11,47.37
0.11,47.59
0.11,47.73
0.11,47.82
0.11,47.88
0.11,47.92
0.11,47.94
0.11,47.96
0.11,47.97
0.11,47.98
0.11,47.98
0.11,47.99
0.11,47.99
0.11,47.99
0.11,47.99
0.11,47.99
0.11,47.99
0.11,47.99
0.11,47.99
0.11,47.99
0.11,47.99
0.11,47.99
0.11,47.99
0.11,47.99
0.11,47.99
0.11,47.99
0.11,47.99
0.11,47.99
0.11,47.99
0.11,47.99
0.11,47.99
0.11,47.99
0.11,47.99
0.11,47.99
0.11,47.99
0.11,47.99
0.11,47.99
0.11,47.99
0.11,47.99
0.11,47.99
0.12,47.99
0.12,47.99
0.12,47.99
0.12,47.99
0.12,47.99
0.12,47.99
0.13,49.33
0.13,50.23
0.13,50.82
0.13,51.21
0.13,51.46
0.13,51.63
0.13,51.74
0.13,51.81
0.13,51.86
0.13,51.89
0.13,51.91
0.13,51.92
0.13,51.93
0.13,51.93
0.13,51.93
0.13,51.94
0.13,51.94
0.13,51.94
0.13,51.94
0.13,51.94
0.13,51.94
0.13,51.94
0.13,51.94
0.13,51.94
0.13,51.94
0.13,51.94
0.13,51.94
0.13,51.94
0.13,51.94
0.13,51.94
0.13,51.94
0.13,51.94
0.13,51.94
0.13,51.94
0.13,51.94
0.13,51.94
0.13,51.94
0.13,51.94
0.13,51.94
0.13,50.87
0.13,50.16
0.13,49.7
0.13,49.39
0.13,49.19
0.13,49.06
0.13,48.97
0.13,48.92
0.13,48.88
0.13,48.86
0.13,48.84
0.13,48.83
0.13,48.83
0.13,48.82
0.13,48.82
0.13,48.82
0.13,48.82
0.13,48.82
0.13,48.82
0.13,48.82
0.12,48.81
0.12,48.81
0.12,48.81
0.12,48.81
0.12,48.81
0.12,48.81
0.12,48.81
0.12,48.81
0.12,48.81
0.12,48.81
0.12,48.81
0.12,48.81
0.12,48.81
0.12,48.81
0.12,48.81
0.12,48.81
0.12,48.81
0.12,48.81
0.12,48.81
0.12,48.81
0.12,49.74
0.13,50.34
0.13,50.74
0.13,50.99
0.13,51.16
0.13,51.26
0.13,51.33
0.13,51.38
0.13,51.41
0.13,51.43
0.13,51.44
0.13,51.45
0.13,51.46
0.13,51.46
0.13,51.46
0.13,51.46
0.13,51.46
0.13,51.46
0.13,51.46
0.13,51.46
0.13,51.46
0.14,51.46
0.14,51.46
0.14,51.46
0.14,51.46
0.14,51.46
0.14,51.46
0.14,51.46
0.14,51.46
0.14,51.46
0.14,51.46
0.14,51.46
0.14,51.46
0.14,51.46
0.14,51.46
0.14,51.46
0.14,51.46
0.14,51.46
0.14,51.46
0.14,50.9
0.14,50.55
0.14,50.33
0.14,50.18
0.14,50.09
0.14,50.03
0.14,50
0.14,49.97
0.14,49.96
0.14,49.95
0.14,49.94
0.14,49.93
0.14,49.93
0.14,49.93
0.15,49.93
0.15,49.93
0.15,49.93
0.15,49.93
0.15,49.93
0.15,49.93
0.15,49.93
0.15,49.93
0.15,49.93
0.15,49.93
0.15,49.93
0.15,49.93
0.15,49.93
0.15,49.93
0.15,49.93
0.15,49.93
0.15,49.93
0.15,49.93
0.15,49.93
0.15,49.93
0.15,49.93
0.15,49.93
0.15,49.93
0.15,49.93
0.15,49.93
0.14,49.93
0.14,49.93
0.14,49.93
0.14,49.93
0.14,49.93
0.14,49.93
0.14,49.93
0.14,49.91
0.14,49.91
0.14,49.9
0.14,49.9
0.14,49.89
0.14,49.89
0.14,49.89
0.14,49.89
0.14,49.89
0.14,49.89
0.14,49.89
0.14,49.89
0.14,49.89
0.14,49.89
0.14,49.89
0.14,49.89
0.14,49.89
0.14,49.89
0.14,49.89
0.14,49.89
0.14,49.89
0.14,49.89
0.14,49.89
0.14,49.89
0.13,49.89
0.13,49.89
0.13,49.89
0.13,49.89
0.14,49.89
0.14,49.89
0.14,49.89
0.14,49.89
0.14,49.89
0.14,49.89
0.14,49.89
0.14,49.89
0.13,49.89
0.13,49.89
0.13,49.89
0.13,49.89
0.13,50.62
0.13,51.1
0.13,51.42
0.13,51.63
0.13,51.76
0.13,51.85
0.13,51.91
0.13,51.95
0.13,51.97
0.13,51.99
0.13,52
0.13,52.01
0.13,52.01
0.13,52.01
0.13,52.02
0.13,52.02
0.13,52.02
0.13,52.02
0.13,52.02
0.13,52.02
0.13,52.02
0.13,52.02
0.13,52.02
0.13,52.02
0.13,52.02
0.13,52.02
0.14,52.02
0.14,52.02
0.14,52.02
0.14,52.02
0.14,52.02
0.14,52.02
0.14,52.02
0.14,52.02
0.14,52.02
0.13,52.02
0.13,52.02
0.13,52.02
0.13,52.02
0.13,50.6
0.13,50.17
0.13,49.9
0.13,49.73
0.13,49.62
0.14,49.55
0.14,49.51
0.14,49.48
0.14,49.46
0.14,49.45
0.14,49.44
0.14,49.43
0.14,49.43
0.14,49.43
0.14,49.43
0.14,49.43
0.14,49.42
0.14,49.42
0.14,49.42
0.14,49.42
0.14,49.42
0.14,49.42
0.14,49.42
0.14,49.42
0.14,49.42
0.14,49.42
0.13,49.42
0.13,49.42
0.13,49.42
0.13,49.42
0.13,49.42
0.13,49.42
0.13,49.42
0.13,49.42
0.13,49.42
0.13,49.42
0.13,49.42
0.13,49.42
0.13,49.42
0.14,49.42
0.14,49.05
0.14,48.8
0.13,48.64
0.13,48.53
0.13,48.46
0.13,48.41
0.13,48.38
0.13,48.36
0.13,48.35
0.13,48.34
0.13,48.33
0.13,48.33
0.13,48.33
0.13,48.33
0.13,48.33
0.13,48.32
0.13,48.32
0.13,48.32
0.13,48.32
0.13,48.32
0.13,48.32
0.13,48.32
0.13,48.32
0.13,48.32
0.13,48.32
0.13,48.32
0.13,48.32
0.13,48.32
0.13,48.32
0.13,48.32
0.13,48.32
0.13,48.32
0.13,48.32
0.13,48.32
0.13,48.32
0.13,48.32
0.13,48.32
0.13,48.32
0.13,48.32
0.13,48.32
0.13,48.32
0.13,48.32
0.13,48.32
0.13,48.32
0.13,48.32
0.13,48.32
0.13,48.37
0.13,48.39
0.13,48.41
0.13,48.42
0.13,48.43
0.13,48.43
0.13,48.44
0.13,48.44
0.13,48.44
0.13,48.44
0.13,48.44
0.13,48.44
0.13,48.44
0.13,48.44
0.13,48.44
0.13,48.44
0.13,48.44
0.13,48.44
0.13,48.44
0.13,48.44
0.13,48.44
0.13,48.44
0.13,48.44
0.13,48.44
0.13,48.44
0.13,48.44
0.13,48.44
0.13,48.44
0.13,48.44
0.13,48.44
0.13,48.44
0.13,48.44
0.13,48.44
0.13,48.44
0.13,48.44
0.13,48.44
0.13,48.44
0.13,48.44
0.13,48.44
0.13,48.44
0.13,46.76
0.13,45.68
0.13,44.99
0.13,44.54
0.13,44.25
0.13,44.07
0.13,43.95
0.13,43.87
0.13,43.82
0.13,43.78
0.13,43.76
0.13,43.75
0.13,43.74
0.13,43.73
0.13,43.73
0.13,43.73
0.13,43.73
0.13,43.72
0.14,43.72
0.14,43.72
0.14,43.72
0.14,43.72
0.14,43.72
0.14,43.72
0.14,43.72
0.13,43.72
0.13,43.72
0.13,43.72
0.13,43.72
0.13,43.72
0.13,43.72
0.13,43.72
0.13,43.72
0.13,43.72
0.13,43.72
0.13,43.72
0.13,43.72
0.13,43.72
0.13,43.72
0.13,44.69
0.13,45.32
0.13,45.74
0.13,46.01
0.13,46.19
0.13,46.3
0.13,46.38
0.13,46.43
0.13,46.46
0.13,46.48
0.13,46.49
0.13,46.5
0.13,46.51
0.12,46.51
0.12,46.51
0.12,46.51
0.12,46.52
0.12,46.52
0.12,46.52
0.12,46.52
0.12,46.52
0.12,46.52
0.12,46.52
0.12,46.52
0.12,46.52
0.12,46.52
0.12,46.52
0.12,46.52
0.12,46.52
0.12,46.52
0.12,46.52
0.12,46.52
0.12,46.52
0.12,46.52
0.12,46.52
0.12,46.52
0.12,46.52
0.12,46.52
0.12,46.52
0.12,46.52
0.12,46.52
0.13,46.52
0.13,46.52
0.13,46.52
0.13,46.52
0.13,46.52
0.13,46.52
0.13,46.23
0.13,46.04
0.13,45.92
0.13,45.84
0.13,45.79
0.13,45.76
0.13,45.74
0.13,45.72
0.13,45.72
0.13,45.71
0.13,45.71
0.13,45.7
0.13,45.7
0.13,45.7
0.13,45.7
0.13,45.7
0.13,45.7
0.13,45.7
0.14,45.7
0.14,45.7
0.14,45.7
0.14,45.7
0.14,45.7
0.14,45.7
0.14,45.7
0.14,45.7
0.14,45.7
0.14,45.7
0.14,45.7
0.14,45.7
0.14,45.7
0.14,45.7
0.14,45.7
0.14,45.7
0.14,45.7
0.14,45.7
0.14,45.7
0.14,45.7
0.14,45.7
0.14,47.29
0.14,48.36
0.14,49.07
0.14,49.53
0.14,49.84
0.14,50.04
0.14,50.17
0.14,50.26
0.14,50.31
0.14,50.35
0.14,50.37
0.14,50.39
0.14,50.4
0.14,50.4
0.14,50.41
0.14,50.41
0.14,50.41
0.14,50.41
0.14,50.41
0.14,50.41
0.14,50.41
0.14,50.41
0.14,50.41
0.14,50.41
0.14,50.42
0.14,50.42
0.14,50.42
0.14,50.42
0.14,50.42
0.14,50.42
0.14,50.42
0.14,50.42
0.14,50.42
0.14,50.42
0.14,50.42
0.14,50.42
0.14,50.42
0.14,50.42
0.14,50.42
0.14,50.42
0.14,49.88
0.14,49.51
0.14,49.27
0.14,49.11
0.14,49.01
0.14,48.94
0.14,48.9
0.14,48.87
0.14,48.85
0.14,48.84
0.14,48.83
0.14,48.82
0.14,48.82
0.14,48.82
0.14,48.82
0.14,48.82
0.14,48.82
0.14,48.82
0.14,48.82
0.14,48.81
0.14,48.81
0.14,48.81
0.14,48.81
0.14,48.81
0.14,48.81
0.14,48.81
0.14,48.81
0.14,48.81
0.14,48.81
0.14,48.81
0.14,48.81
0.14,48.81
0.14,48.81
0.14,48.81
0.14,48.81
0.14,48.81
0.14,48.81
0.14,48.81
0.15,48.81
0.15,48.81
0.15,48.08
0.15,47.61
0.15,47.31
0.15,47.11
0.15,46.98
0.15,46.9
0.15,46.84
0.15,46.81
0.15,46.79
0.15,46.77
0.15,46.76
0.15,46.76
0.15,46.75
0.15,46.75
0.15,46.75
0.15,46.75
0.15,46.75
0.15,46.74
0.15,46.74
0.15,46.74
0.15,46.74
0.15,46.74
0.15,46.74
0.15,46.74
0.15,46.74
0.15,46.74
0.15,46.74
0.15,46.74
0.15,46.74
0.15,46.74
0.15,46.74
0.15,46.74
0.15,46.74
0.15,46.74
0.15,46.74
0.15,46.74
0.15,46.74
0.15,46.74
0.15,46.74
0.15,46.74
0.15,46.74
0.15,46.74
0.14,46.74
0.14,46.74
0.14,46.74
0.14,46.74
0.14,47.66
0.14,48.25
0.14,48.64
0.14,48.89
0.14,49.05
0.14,49.16
0.14,49.23
0.14,49.27
0.14,49.3
0.14,49.32
0.14,49.34
0.14,49.34
0.14,49.35
0.14,49.35
0.14,49.35
0.14,49.36
0.14,49.36
0.14,49.36
0.14,49.36
0.14,49.36
0.14,49.36
0.14,49.36
0.14,49.36
0.14,49.36
0.14,49.36
0.14,49.36
0.14,49.36
0.14,49.36
0.14,49.36
0.14,49.36
0.14,49.36
0.14,49.36
0.14,49.36
0.13,49.36
0.13,49.36
0.13,49.36
0.13,49.36
0.13,49.36
0.13,49.36
0.13,49.2
0.13,49.09
0.13,49.03
0.13,48.99
0.13,48.96
0.13,48.94
0.13,48.93
0.13,48.92
0.13,48.92
0.13,48.92
0.13,48.91
0.12,48.91
0.12,48.91
0.12,48.91
0.12,48.91
0.12,48.91
0.12,48.91
0.12,48.91
0.12,48.91
0.12,48.91
0.12,48.91
0.12,48.91
0.12,48.91
0.12,48.91
0.13,48.91
0.13,48.91
0.13,48.91
0.13,48.91
0.13,48.91
0.13,48.91
0.13,48.91
0.13,48.91
0.13,48.91
0.13,48.91
0.13,48.91
0.13,48.91
0.13,48.91
0.13,48.91
0.13,48.91
0.13,48.91
0.13,48.58
0.13,48.37
0.13,48.24
0.13,48.15
0.13,48.09
0.13,48.06
0.13,48.03
0.13,48.02
0.13,48.01
0.13,48
0.13,48
0.13,48
0.13,47.99
0.13,47.99
0.13,47.99
0.13,47.99
0.13,47.99
0.13,47.99
0.13,47.99
0.13,47.99
0.13,47.99
0.13,47.99
0.13,47.99
0.13,47.99
0.13,47.99
0.13,47.99
0.13,47.99
0.13,47.99
0.13,47.99
0.13,47.99
0.13,47.99
0.13,47.99
0.13,47.99
0.13,47.99
0.13,47.99
0.13,47.99
0.13,47.99
0.12,47.99
0.12,47.99
0.12,47.99
0.12,48.79
0.12,49.34
0.12,49.7
0.12,49.94
0.12,50.1
0.12,50.21
0.12,50.28
0.12,50.32
0.12,50.35
0.12,50.37
0.12,50.38
0.12,50.39
0.12,50.4
0.12,50.4
0.12,50.4
0.12,50.4
0.12,50.4
0.12,50.4
0.12,50.4
0.12,50.4
0.12,50.41
0.12,50.41
0.13,50.41
0.13,50.41
0.13,50.41
0.13,50.41
0.13,50.41
0.13,50.41
0.13,50.41
0.13,50.41
0.13,50.41
0.13,50.41
0.13,50.41
0.13,50.41
0.13,50.41
0.13,50.41
0.13,50.41
0.13,50.41
0.13,50.41
0.12,50.41
0.12,50.41
0.12,50.41
0.12,50.41
0.12,50.41
0.12,50.41
0.12,50.41
0.12,50.04
0.12,49.81
0.12,49.66
0.12,49.57
0.12,49.51
0.12,49.47
0.12,49.44
0.12,49.42
0.12,49.41
0.12,49.4
0.12,49.4
0.13,49.4
0.13,49.4
0.13,49.39
0.13,49.39
0.13,49.39
0.13,49.39
0.13,49.39
0.14,49.39
0.14,49.39
0.14,49.39
0.14,49.39
0.14,49.39
0.14,49.39
0.14,49.39
0.14,49.39
0.14,49.39
0.14,49.39
0.14,49.39
0.14,49.39
0.14,49.39
0.14,49.39
0.14,49.39
0.14,49.39
0.14,49.39
0.14,49.39
0.14,49.39
0.14,49.39
0.14,49.39
0.14,49.39
0.14,50.28
0.14,50.86
0.14,51.24
0.14,51.49
0.14,51.65
0.14,51.75
0.13,51.82
0.13,51.86
0.13,51.89
0.13,51.91
0.13,51.92
0.13,51.93
0.13,51.93
0.13,51.94
0.13,51.94
0.13,51.94
0.13,51.94
0.12,51.94
0.12,51.94
0.12,51.94
0.13,51.94
0.13,51.94
0.13,51.94
0.13,51.94
0.13,51.94
0.13,51.94
0.13,51.94
0.13,51.94
0.13,51.94
0.13,51.94
0.13,51.94
0.13,51.94
0.13,51.94
0.13,51.94
0.13,51.94
0.13,51.94
0.13,51.94
0.13,51.94
0.13,51.94
0.13,51.42
0.13,51.07
0.13,50.84
0.13,50.69
0.13,50.59
0.13,50.52
0.12,50.48
0.12,50.45
0.12,50.43
0.12,50.42
0.12,50.41
0.12,50.41
0.12,50.41
0.12,50.4
0.12,50.4
0.12,50.4
0.12,50.4
0.12,50.4
0.12,50.4
0.12,50.4
0.12,50.4
0.12,50.4
0.12,50.4
0.12,50.4
0.12,50.4
0.12,50.4
0.12,50.4
0.12,50.4
0.12,50.4
0.12,50.4
0.12,50.4
0.12,50.4
0.12,50.4
0.12,50.4
0.12,50.4
0.12,50.4
0.12,50.4
0.12,50.4
0.12,50.4
0.12,50.4
0.12,49.32
0.12,48.67
0.12,48.27
0.12,48.01
0.12,47.85
0.12,47.74
0.12,47.68
0.12,47.63
0.12,47.61
0.12,47.59
0.12,47.58
0.12,47.57
0.12,47.56
0.12,47.56
0.12,47.56
0.12,47.56
0.12,47.56
0.12,47.55
0.12,47.55
0.12,47.55
0.12,47.55
0.12,47.55
0.12,47.55
0.12,47.55
0.12,47.55
0.12,47.55
0.12,47.55
0.12,47.55
0.12,47.55
0.12,47.55
0.12,47.55
0.12,47.55
0.12,47.55
0.12,47.55
0.12,47.55
0.13,47.55
0.13,47.55
0.13,47.55
0.13,47.55
0.13,47.55
0.13,47.55
0.13,47.55
0.13,47.55
0.13,47.55
0.13,47.55
0.13,47.55
0.13,47.5
0.13,47.46
0.14,47.44
0.14,47.42
0.14,47.41
0.14,47.4
0.14,47.4
0.14,47.4
0.14,47.39
0.14,47.39
0.14,47.39
0.15,47.39
0.15,47.39
0.15,47.39
0.15,47.39
0.15,47.39
0.15,47.39
0.15,47.39
0.15,47.39
0.15,47.39
0.15,47.39
0.15,47.39
0.15,47.39
0.15,47.39
0.15,47.39
0.15,47.39
0.15,47.39
0.15,47.39
0.15,47.39
0.15,47.39
0.15,47.39
0.15,47.39
0.15,47.39
0.15,47.39
0.15,47.39
0.15,47.39
0.15,47.39
0.15,47.39
0.15,47.39
0.15,47.39
0.15,46.36
0.15,45.7
0.15,45.27
0.15,44.99
0.15,44.82
0.15,44.7
0.15,44.62
0.16,44.58
0.16,44.54
0.16,44.52
0.16,44.51
0.16,44.5
0.16,44.5
0.16,44.49
0.16,44.49
0.16,44.49
0.16,44.49
0.16,44.49
0.16,44.49
0.16,44.49
0.16,44.49
0.16,44.49
0.16,44.49
0.16,44.49
0.16,44.49
0.16,44.49
0.16,44.49
0.16,44.49
0.16,44.49
0.16,44.49
0.16,44.49
0.16,44.49
0.16,44.49
0.16,44.49
0.16,44.49
0.16,44.49
0.17,44.49
0.17,44.49
0.17,44.49
0.17,45.93
0.17,47.67
0.17,48.81
0.17,49.55
0.17,50.03
0.17,50.34
0.17,50.54
0.17,50.67
0.17,50.76
0.17,50.82
0.17,50.85
0.17,50.88
0.17,50.89
0.17,50.9
0.17,50.91
0.17,50.91
0.17,50.91
0.17,50.92
0.17,50.92
0.17,50.92
0.17,50.92
0.17,50.92
0.17,50.92
0.17,50.92
0.17,50.92
0.16,50.92
0.16,50.92
0.16,50.92
0.16,50.92
0.16,50.92
0.16,50.92
0.16,50.92
0.16,50.92
0.16,50.92
0.16,50.92
0.16,50.92
0.16,50.92
0.16,50.92
0.16,50.92
0.16,50.92
0.16,50.92
0.16,50.92
0.16,50.92
0.16,50.92
0.16,50.92
0.16,50.92
0.16,50.92
0.15,49.86
0.15,49.18
0.15,48.73
0.16,48.45
0.16,48.26
0.16,48.14
0.16,48.07
0.16,48.02
0.16,47.98
0.16,47.96
0.16,47.95
0.16,47.94
0.16,47.93
0.16,47.93
0.16,47.93
0.16,47.93
0.16,47.92
0.16,47.92
0.16,47.92
0.16,47.92
0.16,47.92
0.16,47.92
0.16,47.92
0.16,47.92
0.16,47.92
0.16,47.92
0.15,47.92
0.15,47.92
0.15,47.92
0.15,47.92
0.15,47.92
0.15,47.92
0.15,47.92
0.15,47.92
0.14,47.92
0.14,47.92
0.14,47.92
0.14,47.92
0.14,47.92
0.14,47.92
0.14,47.92
0.14,47.92
0.14,47.92
0.13,47.92
0.13,47.92
0.13,47.92
0.13,47.92
0.13,47.92
0.13,47.92
0.13,47.92
0.13,47.92
0.13,47.92
0.13,47.92
0.13,47.92
0.13,47.92
0.13,47.92
0.13,47.92
0.13,47.92
0.13,47.92
0.13,47.92
0.13,47.92
0.13,47.92
0.13,47.92
0.13,47.92
0.13,47.92
0.13,47.92
0.13,47.92
0.13,47.92
0.13,47.92
0.13,47.92
0.13,47.92
0.13,47.92
0.13,47.92
0.14,47.92
0.14,47.92
0.14,47.92
0.14,47.92
0.14,47.92
0.14,47.92
0.14,47.87
0.14,47.84
0.14,47.82
0.14,47.8
0.14,47.79
0.14,47.78
0.14,47.78
0.14,47.78
0.14,47.78
0.14,47.77
0.14,47.77
0.14,47.77
0.14,47.77
0.14,47.77
0.14,47.77
0.14,47.77
0.14,47.77
0.14,47.77
0.14,47.77
0.14,47.77
0.14,47.77
0.14,47.77
0.14,47.77
0.14,47.77
0.14,47.77
0.14,47.77
0.14,47.77
0.14,47.77
0.14,47.77
0.13,47.77
0.13,47.77
0.13,47.77
0.13,47.77
0.13,47.77
0.13,47.77
0.13,47.77
0.13,47.77
0.13,47.77
0.13,47.77
0.13,47.77
0.13,46.8
0.13,46.21
0.13,45.84
0.13,45.6
0.13,45.45
0.13,45.35
0.13,45.29
0.13,45.25
0.13,45.22
0.13,45.21
0.13,45.2
0.13,45.19
0.13,45.18
0.13,45.18
0.13,45.18
0.13,45.18
0.13,45.18
0.13,45.18
0.13,45.18
0.13,45.18
0.13,45.18
0.13,45.18
0.13,45.18
0.13,45.18
0.13,45.18
0.13,45.18
0.13,45.18
0.13,45.18
0.13,45.18
0.13,45.18
0.13,45.18
0.13,45.18
0.13,45.18
0.13,45.18
0.13,45.18
0.13,45.18
0.13,45.18
0.13,45.18
0.13,45.18
0.13,45.18
0.13,45.18
0.13,45.18
0.13,45.18
0.14,45.18
0.14,45.18
0.14,45.18
0.14,45.36
0.14,45.48
0.14,45.57
0.14,45.62
0.14,45.66
0.14,45.68
0.14,45.7
0.14,45.71
0.14,45.72
0.14,45.72
0.14,45.72
0.14,45.73
0.15,45.73
0.15,45.73
0.15,45.73
0.15,45.73
0.15,45.73
0.15,45.73
0.15,45.73
0.15,45.73
0.15,45.73
0.15,45.73
0.15,45.73
0.15,45.73
0.15,45.73
0.15,45.73
0.15,45.73
0.15,45.73
0.15,45.73
0.16,45.73
0.16,45.73
0.16,45.73
0.16,45.73
0.16,45.73
0.16,45.73
0.16,45.73
0.16,45.73
0.17,45.73
0.17,45.73
0.17,45.73
0.17,47.03
0.17,47.86
0.17,48.4
0.17,48.75
0.17,48.97
0.17,49.12
0.18,49.22
0.18,49.28
0.18,49.32
0.18,49.34
0.18,49.36
0.18,49.37
0.18,49.38
0.18,49.38
0.18,49.39
0.18,49.39
0.18,49.39
0.18,49.39
0.18,49.39
0.18,49.39
0.18,49.39
0.18,49.39
0.17,49.39
0.17,49.39
0.17,49.39
0.17,49.39
0.17,49.39
0.17,49.39
0.17,49.39
0.17,49.39
0.18,49.39
0.18,49.39
0.18,49.39
0.18,49.39
0.18,49.39
0.18,49.39
0.18,49.39
0.18,49.39
0.18,49.39
0.18,50.46
0.18,51.17
0.18,51.64
0.18,51.95
0.18,52.16
0.18,52.29
0.18,52.38
0.18,52.43
0.18,52.47
0.18,52.49
0.18,52.51
0.18,52.52
0.18,52.52
0.18,52.53
0.18,52.53
0.19,52.53
0.19,52.53
0.19,52.53
0.19,52.54
0.19,52.54
0.19,52.54
0.19,52.54
0.19,52.54
0.19,52.54
0.19,52.54
0.19,52.54
0.19,52.54
0.19,52.54
0.19,52.54
0.19,52.54
0.19,52.54
0.19,52.54
0.19,52.54
0.19,52.54
0.19,52.54
0.19,52.54
0.18,52.54
0.18,52.54
0.18,52.54
0.18,52.54
0.18,50.48
0.18,49.19
0.18,48.36
0.18,47.82
0.18,47.48
0.18,47.26
0.18,47.11
0.18,47.02
0.18,46.96
0.18,46.92
0.19,46.9
0.19,46.88
0.19,46.87
0.19,46.86
0.19,46.86
0.19,46.85
0.19,46.85
0.19,46.85
0.19,46.85
0.19,46.85
0.19,46.85
0.19,46.85
0.19,46.85
0.19,46.85
0.19,46.85
0.19,46.85
0.19,46.85
0.19,46.85
0.19,46.85
0.19,46.85
0.19,46.85
0.19,46.85
0.19,46.85
0.19,46.85
0.19,46.85
0.19,46.85
0.19,46.85
0.19,46.85
0.19,46.85
0.19,46.85
0.19,46.85
0.19,46.85
0.19,46.85
0.19,46.85
0.19,46.85
0.19,46.85
0.19,44.03
0.19,42.36
0.19,41.34
0.19,40.71
0.19,40.3
0.19,40.04
0.19,39.88
0.19,39.77
0.19,39.7
0.19,39.66
0.19,39.63
0.19,39.61
0.19,39.6
0.19,39.59
0.19,39.58
0.19,39.58
0.19,39.58
0.19,39.58
0.19,39.58
0.2,39.58
0.2,39.58
0.2,39.58
0.2,39.57
0.2,39.57
0.2,39.57
0.2,39.57
0.2,39.57
0.2,39.57
0.2,39.57
0.2,39.57
0.2,39.57
0.2,39.57
0.19,39.57
0.19,39.57
0.19,39.57
0.19,39.57
0.19,39.57
0.2,39.57
0.2,39.57
0.2,39.57
0.2,42.76
0.2,45.07
0.2,46.67
0.2,47.76
0.2,48.49
0.2,48.97
0.2,49.29
0.2,49.5
0.19,49.64
0.19,49.72
0.19,49.78
0.19,49.82
0.19,49.84
0.19,49.86
0.19,49.87
0.19,49.88
0.19,49.88
0.19,49.88
0.19,49.89
0.19,49.89
0.19,49.89
0.19,49.89
0.19,49.89
0.19,49.89
0.19,49.89
0.19,49.89
0.19,49.89
0.19,49.89
0.19,49.89
0.19,49.89
0.19,49.89
0.19,49.89
0.19,49.89
0.2,49.89
0.2,49.89
0.2,49.89
0.2,49.89
0.2,49.89
0.2,49.89
0.2,47.18
0.2,45.57
0.2,44.58
0.2,43.96
0.2,43.57
0.2,43.31
0.19,43.15
0.19,43.05
0.19,42.98
0.19,42.94
0.19,42.91
0.19,42.89
0.19,42.88
0.19,42.87
0.19,42.86
0.19,42.86
0.19,42.86
0.19,42.86
0.19,42.86
0.19,42.86
0.19,42.86
0.19,42.86
0.19,42.86
0.19,42.85
0.19,42.85
0.19,42.85
0.19,42.85
0.19,42.85
0.19,42.85
0.19,42.85
0.19,42.85
0.19,42.85
0.19,42.85
0.19,42.85
0.19,42.85
0.19,42.85
0.19,42.85
0.19,42.85
0.19,42.85
0.19,42.85
0.19,42.85
0.19,42.85
0.19,42.85
0.18,42.85
0.18,42.85
0.18,42.85
0.18,42.85
0.18,44.5
0.18,45.64
0.18,46.41
0.18,46.93
0.18,47.27
0.18,47.5
0.17,47.65
0.17,47.74
0.17,47.8
0.17,47.85
0.17,47.87
0.17,47.89
0.17,47.9
0.17,47.91
0.17,47.91
0.17,47.92
0.17,47.92
0.17,47.92
0.17,47.92
0.17,47.92
0.17,47.92
0.17,47.92
0.17,47.92
0.17,47.92
0.17,47.92
0.17,47.92
0.17,47.92
0.17,47.92
0.17,47.92
0.17,47.92
0.17,47.92
0.17,47.92
0.17,47.92
0.16,47.92
0.16,47.92
0.16,47.92
0.16,47.92
0.16,47.92
0.16,47.92
0.16,48.24
0.16,48.46
0.16,48.6
0.16,48.69
0.16,48.75
0.16,48.79
0.16,48.82
0.16,48.83
0.16,48.84
0.15,48.85
0.15,48.85
0.15,48.86
0.15,48.86
0.15,48.86
0.15,48.86
0.15,48.86
0.15,48.86
0.15,48.86
0.15,48.86
0.15,48.86
0.15,48.86
0.15,48.86
0.15,48.86
0.16,48.86
0.16,48.86
0.16,48.86
0.16,48.86
0.16,48.86
0.16,48.86
0.16,48.86
0.16,48.86
0.16,48.86
0.16,48.86
0.16,48.86
0.16,48.86
0.16,48.86
0.16,48.86
0.16,48.86
0.16,48.86
0.17,48.86
0.17,46.33
0.17,44.79
0.17,43.83
0.17,43.23
0.17,42.84
0.17,42.59
0.17,42.43
0.17,42.33
0.17,42.26
0.17,42.22
0.17,42.19
0.18,42.17
0.18,42.16
0.18,42.15
0.18,42.15
0.18,42.14
0.18,42.14
0.18,42.14
0.18,42.14
0.18,42.14
0.18,42.14
0.18,42.14
0.18,42.14
0.18,42.14
0.18,42.14
0.18,42.14
0.18,42.14
0.18,42.14
0.18,42.14
0.18,42.14
0.18,42.14
0.18,42.14
0.18,42.14
0.18,42.14
0.18,42.14
0.18,42.14
0.18,42.14
0.18,42.14
0.18,42.14
0.18,42.14
0.18,43.81
0.18,44.97
0.18,45.76
0.18,46.29
0.18,46.64
0.18,46.87
0.18,47.02
0.18,47.12
0.18,47.18
0.17,47.22
0.17,47.25
0.17,47.27
0.17,47.28
0.17,47.29
0.17,47.29
0.17,47.3
0.17,47.3
0.17,47.3
0.17,47.3
0.17,47.3
0.17,47.3
0.17,47.3
0.17,47.3
0.17,47.3
0.17,47.3
0.17,47.3
0.17,47.3
0.17,47.3
0.17,47.3
0.17,47.3
0.17,47.3
0.17,47.3
0.17,47.3
0.17,47.3
0.17,47.3
0.17,47.3
0.16,47.3
0.16,47.3
0.16,47.3
0.16,47.3
0.16,47.3
0.16,47.3
0.16,47.3
0.16,47.3
0.16,47.3
0.16,47.3
0.16,47.21
0.15,47.15
0.15,47.11
0.15,47.08
0.15,47.07
0.15,47.06
0.15,47.05
0.15,47.05
0.15,47.05
0.15,47.04
0.14,47.04
0.14,47.04
0.14,47.04
0.14,47.04
0.14,47.04
0.14,47.04
0.14,47.04
0.14,47.04
0.14,47.04
0.14,47.04
0.14,47.04
0.14,47.04
0.14,47.04
0.14,47.04
0.14,47.04
0.14,47.04
0.14,47.04
0.14,47.04
0.14,47.04
0.14,47.04
0.14,47.04
0.13,47.04
0.13,47.04
0.13,47.04
0.14,47.04
0.14,47.04
0.14,47.04
0.14,47.04
0.14,47.04
0.14,47.04
0.14,47.04
0.14,47.04
0.14,47.04
0.15,47.04
0.15,47.04
0.15,47.04
0.15,47.04
0.15,47.04
0.15,47.04
0.15,47.04
0.15,47.04
0.15,47.04
0.15,47.04
0.16,47.04
0.16,47.04
0.16,47.04
0.16,47.04
0.16,47.04
0.16,47.04
0.16,47.04
0.16,47.04
0.16,47.04
0.16,47.04
0.16,47.04
0.16,47.04
0.16,47.04
0.16,47.04
0.16,47.04
0.16,47.04
0.16,47.04
0.16,47.04
0.16,47.04
0.16,47.04
0.16,47.04
0.16,47.04
0.16,47.04
0.16,47.04
0.16,47.04
0.16,47.04
0.16,45.91
0.16,45.2
0.16,44.73
0.16,44.44
0.16,44.25
0.16,44.12
0.16,44.04
0.16,43.99
0.16,43.96
0.16,43.93
0.16,43.92
0.16,43.91
0.16,43.9
0.16,43.9
0.16,43.9
0.16,43.9
0.16,43.89
0.16,43.89
0.16,43.89
0.16,43.89
0.16,43.89
0.16,43.89
0.16,43.89
0.16,43.89
0.16,43.89
0.16,43.89
0.16,43.89
0.16,43.89
0.16,43.89
0.16,43.89
0.16,43.89
0.16,43.89
0.17,43.89
0.17,43.89
0.17,43.89
0.17,43.89
0.17,43.89
0.17,43.89
0.17,43.89
0.17,43.89
0.16,45.06
0.16,45.85
0.16,46.37
0.16,46.73
0.16,46.96
0.16,47.11
0.16,47.21
0.16,47.27
0.16,47.31
0.16,47.34
0.16,47.36
0.16,47.37
0.16,47.38
0.16,47.38
0.16,47.38
0.16,47.39
0.16,47.39
0.16,47.39
0.16,47.39
0.16,47.39
0.16,47.39
0.16,47.39
0.16,47.39
0.16,47.39
0.16,47.39
0.16,47.39
0.16,47.39
0.16,47.39
0.16,47.39
0.17,47.39
0.17,47.39
0.17,47.39
0.17,47.39
0.17,47.39
0.17,47.39
0.17,47.39
0.17,47.39
0.17,47.39
0.17,47.39
0.17,47.39
0.17,47.39
0.17,47.39
0.17,47.39
0.17,47.39
0.17,47.39
0.17,47.39
0.17,47.39
0.17,46.7
0.17,46.26
0.17,45.97
0.17,45.78
0.17,45.66
0.17,45.59
0.17,45.53
0.17,45.5
0.17,45.48
0.17,45.47
0.17,45.46
0.17,45.45
0.17,45.45
0.17,45.44
0.17,45.44
0.17,45.44
0.17,45.44
0.17,45.44
0.18,45.44
0.18,45.44
0.18,45.44
0.18,45.44
0.18,45.44
0.18,45.44
0.18,45.44
0.18,45.44
0.18,45.44
0.18,45.44
0.18,45.44
0.18,45.44
0.18,45.44
0.18,45.44
0.18,45.44
0.18,45.44
0.18,45.44
0.17,45.44
0.17,45.44
0.17,45.44
0.17,45.44
0.17,46.27
0.17,46.81
0.17,47.17
0.17,47.41
0.17,47.56
0.17,47.66
0.17,47.73
0.17,47.77
0.17,47.8
0.17,47.82
0.17,47.83
0.17,47.84
0.17,47.84
0.16,47.84
0.16,47.85
0.16,47.85
0.16,47.85
0.16,47.85
0.16,47.85
0.16,47.85
0.16,47.85
0.16,47.85
0.16,47.85
0.16,47.85
0.16,47.85
0.16,47.85
0.16,47.85
0.16,47.85
0.16,47.85
0.16,47.85
0.16,47.85
0.16,47.85
0.16,47.85
0.16,47.85
0.16,47.85
0.16,47.85
0.16,47.85
0.16,47.85
0.16,47.85
0.16,47.85
0.16,49.26
0.16,50.2
0.16,50.83
0.16,51.24
0.16,51.51
0.16,51.69
0.16,51.8
0.16,51.88
0.16,51.93
0.16,51.96
0.16,51.98
0.16,51.99
0.17,52
0.17,52.01
0.17,52.01
0.17,52.01
0.17,52.02
0.16,52.02
0.16,52.02
0.16,52.02
0.16,52.02
0.16,52.02
0.16,52.02
0.16,52.02
0.16,52.02
0.16,52.02
0.16,52.02
0.16,52.02
0.16,52.02
0.16,52.02
0.16,52.02
0.16,52.02
0.17,52.02
0.17,52.02
0.17,52.02
0.17,52.02
0.17,52.02
0.17,52.02
0.17,52.02
0.17,52.02
0.17,52.02
0.17,52.02
0.17,52.02
0.17,52.02
0.17,52.02
0.17,52.02
0.17,49.96
0.17,48.68
0.17,47.87
0.17,47.35
0.17,47.02
0.17,46.8
0.17,46.66
0.17,46.57
0.18,46.52
0.18,46.48
0.18,46.45
0.18,46.44
0.18,46.43
0.18,46.42
0.18,46.42
0.18,46.41
0.18,46.41
0.18,46.41
0.18,46.41
0.18,46.41
0.18,46.41
0.18,46.41
0.18,46.41
0.18,46.41
0.18,46.41
0.18,46.41
0.18,46.41
0.18,46.41
0.18,46.41
0.18,46.41
0.19,46.41
0.19,46.41
0.19,46.41
0.19,46.41
0.19,46.41
0.19,46.41
0.19,46.41
0.19,46.41
0.19,46.41
0.19,46.41
0.19,47.84
0.19,48.86
0.19,49.57
0.19,50.05
0.19,50.36
0.19,50.57
0.19,50.71
0.19,50.8
0.2,50.86
0.2,50.9
0.2,50.92
0.2,50.94
0.2,50.95
0.2,50.96
0.2,50.96
0.2,50.97
0.19,50.97
0.19,50.97
0.19,50.97
0.19,50.97
0.19,50.97
0.19,50.97
0.19,50.97
0.19,50.97
0.19,50.97
0.19,50.97
0.19,50.97
0.19,50.97
0.19,50.97
0.19,50.97
0.19,50.97
0.19,50.97
0.18,50.97
0.19,50.97
0.19,50.97
0.19,50.97
0.19,50.97
0.19,50.97
0.19,50.97
0.19,50.97
0.19,49.77
0.19,49.04
0.19,48.58
0.19,48.29
0.19,48.11
0.2,47.99
0.2,47.91
0.2,47.86
0.2,47.83
0.2,47.81
0.2,47.8
0.2,47.79
0.2,47.78
0.19,47.78
0.19,47.78
0.19,47.78
0.19,47.77
0.19,47.77
0.19,47.77
0.19,47.77
0.19,47.77
0.19,47.77
0.19,47.77
0.19,47.77
0.19,47.77
0.19,47.77
0.19,47.77
0.19,47.77
0.19,47.77
0.19,47.77
0.19,47.77
0.19,47.77
0.19,47.77
0.19,47.77
0.19,47.77
0.19,47.77
0.19,47.77
0.19,47.77
0.19,47.77
0.19,46.26
0.19,45.34
0.19,44.76
0.19,44.39
0.19,44.15
0.19,44
0.19,43.9
0.19,43.84
0.19,43.8
0.19,43.77
0.19,43.75
0.19,43.74
0.19,43.74
0.19,43.73
0.19,43.73
0.19,43.73
0.19,43.73
0.19,43.72
0.19,43.72
0.19,43.72
0.19,43.72
0.19,43.72
0.19,43.72
0.19,43.72
0.18,43.72
0.18,43.72
0.18,43.72
0.18,43.72
0.18,43.72
0.18,43.72
0.18,43.72
0.18,43.72
0.18,43.72
0.18,43.72
0.18,43.72
0.18,43.72
0.18,43.72
0.18,43.72
0.18,43.72
0.18,43.72
0.18,43.72
0.18,43.72
0.18,43.72
0.18,43.72
0.18,43.72
0.18,43.72
0.18,43.72
0.18,47.58
0.18,50.33
0.18,52.23
0.18,53.5
0.17,54.35
0.17,54.91
0.17,55.28
0.17,55.52
0.17,55.68
0.17,55.78
0.17,55.84
0.17,55.89
0.17,55.92
0.17,55.93
0.17,55.95
0.17,55.95
0.17,55.96
0.17,55.96
0.17,55.96
0.17,55.97
0.17,55.97
0.17,55.97
0.17,55.97
0.17,55.97
0.17,55.97
0.17,55.97
0.17,55.97
0.17,55.97
0.17,55.97
0.17,55.97
0.18,55.97
0.18,55.97
0.18,55.97
0.18,55.97
0.18,55.97
0.18,55.97
0.18,55.97
0.18,55.97
0.18,55.97
0.18,53.74
0.18,52.35
0.18,51.47
0.18,50.91
0.18,50.55
0.17,50.32
0.17,50.17
0.17,50.07
0.17,50.01
0.17,49.97
0.17,49.94
0.17,49.92
0.17,49.91
0.17,49.9
0.17,49.9
0.17,49.9
0.17,49.89
0.18,49.89
0.18,49.89
0.18,49.89
0.18,49.89
0.18,49.89
0.18,49.89
0.18,49.89
0.18,49.89
0.18,49.89
0.18,49.89
0.18,49.89
0.18,49.89
0.18,49.89
0.18,49.89
0.17,49.89
0.17,49.89
0.17,49.89
0.17,49.89
0.17,49.89
0.17,49.89
0.17,49.89
0.17,49.89
0.17,49.89
0.17,48.33
0.17,47.37
0.17,46.77
0.17,46.39
0.17,46.15
0.17,45.99
0.17,45.89
0.17,45.82
0.17,45.78
0.17,45.75
0.17,45.73
0.17,45.72
0.17,45.71
0.17,45.71
0.17,45.71
0.17,45.7
0.17,45.7
0.17,45.7
0.17,45.7
0.17,45.7
0.17,45.7
0.17,45.7
0.17,45.7
0.17,45.7
0.17,45.7
0.17,45.7
0.17,45.7
0.16,45.7
0.16,45.7
0.16,45.7
0.16,45.7
0.16,45.7
0.16,45.7
0.16,45.7
0.16,45.7
0.16,45.7
0.16,45.7
0.16,45.7
0.16,45.7
0.16,45.7
0.16,46.04
0.16,46.28
0.16,46.44
0.16,46.54
0.16,46.61
0.16,46.66
0.16,46.69
0.16,46.71
0.16,46.72
0.16,46.73
0.16,46.73
0.16,46.74
0.16,46.74
0.16,46.74
0.16,46.74
0.16,46.74
0.17,46.74
0.17,46.74
0.17,46.74
0.17,46.74
0.17,46.74
0.17,46.74
0.17,46.74
0.17,46.74
0.17,46.74
0.17,46.74
0.17,46.74
0.17,46.74
0.17,46.74
0.18,46.74
0.18,46.74
0.18,46.74
0.18,46.74
0.18,46.74
0.18,46.74
0.18,46.74
0.18,46.74
0.18,46.74
0.18,46.74
0.18,46.74
0.18,46.74
0.18,46.74
0.18,46.74
0.18,46.74
0.18,46.74
0.18,46.74
0.18,48.95
0.18,50.37
0.18,51.29
0.18,51.88
0.18,52.26
0.19,52.51
0.19,52.67
0.18,52.78
0.18,52.85
0.18,52.89
0.18,52.92
0.18,52.94
0.18,52.95
0.18,52.96
0.18,52.96
0.18,52.97
0.18,52.97
0.18,52.97
0.19,52.97
0.19,52.97
0.19,52.97
0.19,52.97
0.19,52.97
0.19,52.97
0.19,52.97
0.19,52.97
0.19,52.97
0.19,52.97
0.19,52.97
0.19,52.97
0.19,52.97
0.19,52.97
0.19,52.97
0.18,52.97
0.18,52.97
0.18,52.97
0.18,52.97
0.18,52.97
0.18,52.97
0.18,52.97
0.18,55.02
0.18,56.48
0.18,57.49
0.18,58.18
0.18,58.64
0.18,58.94
0.18,59.14
0.18,59.27
0.18,59.36
0.18,59.41
0.18,59.45
0.18,59.47
0.18,59.49
0.18,59.5
0.18,59.5
0.18,59.51
0.18,59.51
0.18,59.51
0.19,59.51
0.19,59.51
0.19,59.51
0.19,59.51
0.19,59.51
0.19,59.51
0.19,59.52
0.19,59.52
0.19,59.52
0.19,59.52
0.19,59.52
0.19,59.52
0.19,59.52
0.19,59.52
0.19,59.52
0.19,59.52
0.19,59.52
0.19,59.52
0.19,59.52
0.19,59.52
0.19,59.52
0.19,57.78
0.19,56.71
0.19,56.04
0.19,55.61
0.19,55.33
0.19,55.16
0.19,55.04
0.19,54.97
0.19,54.92
0.19,54.89
0.19,54.87
0.19,54.86
0.19,54.85
0.19,54.84
0.19,54.84
0.19,54.84
0.19,54.84
0.19,54.83
0.19,54.83
0.19,54.83
0.19,54.83
0.19,54.83
0.19,54.83
0.19,54.83
0.19,54.83
0.19,54.83
0.19,54.83
0.19,54.83
0.19,54.83
0.19,54.83
0.19,54.83
0.19,54.83
0.19,54.83
0.19,54.83
0.19,54.83
0.19,54.83
0.19,54.83
0.2,54.83
0.2,54.83
0.2,54.83
0.2,54.83
0.2,54.83
0.2,54.83
0.2,54.83
0.2,54.83
0.2,54.83
0.2,54.83
0.2,53.26
0.2,52.25
0.19,51.6
0.19,51.18
0.19,50.9
0.19,50.73
0.19,50.61
0.19,50.54
0.19,50.49
0.19,50.46
0.19,50.44
0.19,50.42
0.19,50.42
0.19,50.41
0.19,50.41
0.19,50.4
0.19,50.4
0.19,50.4
0.19,50.4
0.19,50.4
0.19,50.4
0.19,50.4
0.19,50.4
0.19,50.4
0.19,50.4
0.19,50.4
0.19,50.4
0.19,50.4
0.19,50.4
0.19,50.4
0.19,50.4
0.19,50.4
0.19,50.4
0.19,50.4
0.19,50.4
0.19,50.4
0.19,50.4
0.19,50.4
0.19,50.4
0.19,49.84
0.19,49.49
0.19,49.27
0.19,49.13
0.19,49.03
0.2,48.97
0.2,48.94
0.2,48.91
0.2,48.89
0.2,48.88
0.2,48.88
0.19,48.87
0.19,48.87
0.19,48.87
0.19,48.87
0.19,48.86
0.19,48.86
0.19,48.86
0.19,48.86
0.19,48.86
0.19,48.86
0.19,48.86
0.19,48.86
0.19,48.86
0.19,48.86
0.18,48.86
0.18,48.86
0.18,48.86
0.18,48.86
0.18,48.86
0.18,48.86
0.18,48.86
0.18,48.86
0.18,48.86
0.17,48.86
0.17,48.86
0.17,48.86
0.17,48.86
0.17,48.86
0.17,48.86
0.17,50.31
0.17,51.24
0.17,51.85
0.16,52.24
0.16,52.5
0.16,52.67
0.16,52.77
0.16,52.84
0.16,52.89
0.16,52.92
0.16,52.94
0.16,52.95
0.16,52.96
0.16,52.96
0.16,52.97
0.16,52.97
0.16,52.97
0.16,52.97
0.16,52.97
0.16,52.97
0.16,52.97
0.16,52.97
0.16,52.97
0.16,52.97
0.16,52.97
0.16,52.97
0.16,52.97
0.16,52.97
0.16,52.97
0.16,52.97
0.16,52.97
0.16,52.97
0.16,52.97
0.16,52.97
0.16,52.97
0.16,52.97
0.16,52.97
0.16,52.97
0.16,52.97
0.16,52.97
0.16,50.64
0.16,49.07
0.16,48.03
0.16,47.34
0.16,46.89
0.16,46.6
0.16,46.4
0.16,46.28
0.16,46.2
0.16,46.14
0.16,46.11
0.16,46.09
0.16,46.07
0.16,46.06
0.16,46.06
0.16,46.05
0.16,46.05
0.16,46.05
0.17,46.05
0.17,46.05
0.17,46.05
0.17,46.05
0.17,46.05
0.17,46.05
0.17,46.05
0.17,46.05
0.17,46.05
0.17,46.05
0.17,46.05
0.17,46.05
0.17,46.05
0.17,46.05
0.18,46.05
0.18,46.05
0.18,46.05
0.18,46.05
0.18,46.05
0.18,46.05
0.18,46.05
0.18,46.05
0.18,46.05
0.18,46.05
0.18,46.05
0.18,46.05
0.18,46.05
0.18,46.05
0.19,46.07
0.19,46.08
0.19,46.09
0.19,46.09
0.19,46.1
0.19,46.1
0.19,46.1
0.19,46.1
0.19,46.1
0.19,46.1
0.19,46.1
0.2,46.1
0.2,46.1
0.2,46.1
0.2,46.1
0.2,46.1
0.2,46.1
0.2,46.1
0.19,46.1
0.19,46.1
0.19,46.1
0.19,46.1
0.19,46.1
0.19,46.1
0.19,46.1
0.19,46.1
0.19,46.1
0.19,46.1
0.19,46.1
0.19,46.1
0.19,46.1
0.19,46.1
0.2,46.1
0.2,46.1
0.2,46.1
0.2,46.1
0.2,46.1
0.2,46.1
0.2,46.1
0.2,46.1
0.2,47.39
0.2,48.25
0.2,48.82
0.2,49.2
0.2,49.45
0.2,49.61
0.2,49.71
0.2,49.78
0.2,49.83
0.2,49.85
0.2,49.87
0.2,49.89
0.2,49.89
0.2,49.9
0.2,49.9
0.2,49.9
0.2,49.91
0.2,49.91
0.2,49.91
0.2,49.91
0.2,49.91
0.2,49.91
0.19,49.91
0.19,49.91
0.19,49.91
0.19,49.91
0.19,49.91
0.19,49.91
0.19,49.91
0.19,49.91
0.19,49.91
0.19,49.91
0.2,49.91
0.2,49.91
0.2,49.91
0.2,49.91
0.2,49.91
0.2,49.91
0.2,49.91
0.2,48.86
0.2,48.18
0.2,47.75
0.2,47.47
0.2,47.28
0.2,47.17
0.2,47.09
0.2,47.04
0.2,47.01
0.2,46.99
0.2,46.97
0.2,46.96
0.2,46.96
0.21,46.95
0.21,46.95
0.21,46.95
0.21,46.95
0.21,46.95
0.21,46.95
0.21,46.95
0.21,46.95
0.21,46.95
0.21,46.95
0.21,46.95
0.21,46.95
0.21,46.95
0.21,46.95
0.21,46.95
0.21,46.95
0.21,46.95
0.21,46.95
0.21,46.95
0.21,46.95
0.21,46.95
0.21,46.95
0.21,46.95
0.21,46.95
0.21,46.95
0.21,46.95
0.21,46.95
0.21,49.52
0.21,51.27
0.21,52.45
0.21,53.23
0.21,53.74
0.21,54.08
0.21,54.3
0.21,54.44
0.21,54.54
0.21,54.6
0.21,54.64
0.21,54.66
0.21,54.68
0.21,54.69
0.21,54.7
0.21,54.7
0.21,54.71
0.21,54.71
0.21,54.71
0.21,54.71
0.21,54.71
0.21,54.71
0.21,54.71
0.21,54.71
0.21,54.71
0.21,54.71
0.21,54.71
0.21,54.71
0.21,54.71
0.21,54.71
0.21,54.71
0.21,54.71
0.21,54.71
0.21,54.71
0.21,54.71
0.21,54.71
0.21,54.71
0.21,54.71
0.21,54.71
0.21,54.71
0.21,54.71
0.21,54.71
0.21,54.71
0.22,54.71
0.22,54.71
0.22,54.71
0.21,53.56
0.21,52.82
0.21,52.35
0.21,52.04
0.21,51.84
0.21,51.71
0.21,51.62
0.21,51.57
0.21,51.53
0.21,51.51
0.21,51.49
0.21,51.48
0.21,51.48
0.21,51.47
0.21,51.47
0.21,51.47
0.21,51.47
0.21,51.47
0.21,51.47
0.21,51.47
0.2,51.47
0.2,51.47
0.2,51.46
0.2,51.46
0.2,51.46
0.2,51.46
0.2,51.46
0.2,51.46
0.2,51.46
0.2,51.46
0.2,51.46
0.2,51.46
0.2,51.46
0.2,51.46
0.2,51.46
0.2,51.46
0.2,51.46
0.2,51.46
0.2,51.46
0.2,51.46
0.2,50.18
0.2,49.38
0.2,48.89
0.2,48.57
0.2,48.36
0.2,48.23
0.2,48.15
0.21,48.09
0.21,48.06
0.21,48.03
0.21,48.02
0.21,48.01
0.21,48
0.21,48
0.21,48
0.21,47.99
0.21,47.99
0.2,47.99
0.2,47.99
0.2,47.99
0.2,47.99
0.2,47.99
0.2,47.99
0.2,47.99
0.2,47.99
0.2,47.99
0.2,47.99
0.2,47.99
0.2,47.99
0.2,47.99
0.2,47.99
0.2,47.99
0.2,47.99
0.2,47.99
0.2,47.99
0.2,47.99
0.2,47.99
0.19,47.99
0.19,47.99
0.19,47.99
0.19,46.66
0.19,45.81
0.19,45.27
0.19,44.91
0.19,44.68
0.2,44.54
0.2,44.44
0.2,44.38
0.2,44.34
0.2,44.31
0.2,44.29
0.2,44.28
0.2,44.27
0.2,44.27
0.2,44.27
0.2,44.26
0.2,44.26
0.2,44.26
0.2,44.26
0.2,44.26
0.2,44.26
0.2,44.26
0.2,44.26
0.2,44.26
0.2,44.26
0.2,44.26
0.2,44.26
0.2,44.26
0.21,44.26
0.21,44.26
0.21,44.26
0.21,44.26
0.21,44.26
0.21,44.26
0.21,44.26
0.21,44.26
0.21,44.26
0.21,44.26
0.21,44.26
0.21,44.26
0.21,45.69
0.21,46.7
0.21,47.4
0.21,47.86
0.21,48.17
0.21,48.38
0.21,48.51
0.22,48.6
0.22,48.66
0.22,48.69
0.22,48.72
0.22,48.73
0.22,48.74
0.22,48.75
0.22,48.75
0.22,48.76
0.21,48.76
0.21,48.76
0.21,48.76
0.21,48.76
0.21,48.76
0.21,48.76
0.21,48.76
0.21,48.76
0.21,48.76
0.21,48.76
0.21,48.76
0.21,48.76
0.21,48.76
0.21,48.76
0.21,48.76
0.21,48.76
0.21,48.76
0.21,48.76
0.21,48.76
0.21,48.76
0.21,48.76
0.21,48.76
0.21,48.76
0.21,48.76
0.21,48.76
0.22,48.76
0.22,48.76
0.22,48.76
0.22,48.76
0.22,48.76
0.22,48.6
0.22,48.5
0.22,48.44
0.22,48.4
0.22,48.37
0.22,48.36
0.22,48.34
0.22,48.34
0.22,48.33
0.22,48.33
0.22,48.33
0.22,48.33
0.22,48.33
0.22,48.32
0.22,48.32
0.22,48.32
0.22,48.32
0.22,48.32
0.22,48.32
0.22,48.32
0.22,48.32
0.22,48.32
0.22,48.32
0.22,48.32
0.22,48.32
0.22,48.32
0.22,48.32
0.23,48.32
0.23,48.32
0.23,48.32
0.23,48.32
0.23,48.32
0.23,48.32
0.23,48.32
0.23,48.32
0.23,48.32
0.23,48.32
0.23,48.32
0.24,48.32
0.24,48.32
0.24,48.72
0.24,48.97
0.24,49.13
0.24,49.23
0.24,49.3
0.24,49.34
0.24,49.37
0.24,49.39
0.24,49.4
0.24,49.41
0.24,49.41
0.24,49.42
0.24,49.42
0.23,49.42
0.23,49.42
0.23,49.42
0.23,49.42
0.23,49.42
0.23,49.42
0.23,49.42
0.23,49.42
0.23,49.42
0.23,49.42
0.23,49.42
0.23,49.42
0.23,49.42
0.23,49.42
0.23,49.42
0.23,49.42
0.23,49.42
0.23,49.42
0.23,49.42
0.23,49.42
0.23,49.42
0.22,49.42
0.22,49.42
0.22,49.42
0.22,49.42
0.22,49.42
0.22,48.17
0.22,47.33
0.22,46.78
0.22,46.41
0.22,46.18
0.22,46.02
0.22,45.92
0.22,45.85
0.22,45.81
0.22,45.78
0.22,45.76
0.22,45.75
0.22,45.74
0.23,45.74
0.23,45.74
0.23,45.73
0.23,45.73
0.23,45.73
0.23,45.73
0.23,45.73
0.23,45.73
0.24,45.73
0.24,45.73
0.24,45.73
0.24,45.73
0.24,45.73
0.24,45.73
0.24,45.73
0.24,45.73
0.24,45.73
0.24,45.73
0.24,45.73
0.24,45.73
0.24,45.73
0.24,45.73
0.24,45.73
0.24,45.73
0.24,45.73
0.24,45.73
0.24,45.73
0.24,45.73
0.24,45.73
0.24,45.73
0.24,45.73
0.24,45.73
0.24,45.73
0.24,45.73
0.24,46.32
0.24,46.7
0.24,46.94
0.24,47.1
0.24,47.2
0.23,47.27
0.23,47.31
0.23,47.34
0.23,47.36
0.23,47.37
0.23,47.38
0.23,47.38
0.24,47.38
0.24,47.39
0.24,47.39
0.23,47.39
0.23,47.39
0.23,47.39
0.23,47.39
0.23,47.39
0.23,47.39
0.23,47.39
0.23,47.39
0.23,47.39
0.23,47.39
0.23,47.39
0.23,47.39
0.23,47.39
0.24,47.39
0.24,47.39
0.24,47.39
0.24,47.39
0.24,47.39
0.24,47.39
0.24,47.39
0.24,47.39
0.24,47.39
0.24,47.39
0.24,47.39
0.24,47.9
0.24,48.23
0.24,48.45
0.24,48.6
0.23,48.69
0.23,48.75
0.23,48.79
0.23,48.82
0.23,48.83
0.23,48.84
0.23,48.85
0.23,48.85
0.23,48.86
0.23,48.86
0.23,48.86
0.23,48.86
0.23,48.86
0.23,48.86
0.23,48.86
0.23,48.86
0.23,48.86
0.23,48.86
0.23,48.86
0.23,48.86
0.23,48.86
0.23,48.86
0.23,48.86
0.23,48.86
0.23,48.86
0.23,48.86
0.23,48.86
0.23,48.86
0.22,48.86
0.22,48.86
0.22,48.86
0.22,48.86
0.22,48.86
0.22,48.86
0.22,48.86
0.22,48.86
0.22,49.38
0.22,49.73
0.22,49.96
0.22,50.11
0.22,50.21
0.22,50.28
0.22,50.32
0.22,50.35
0.22,50.37
0.22,50.38
0.22,50.39
0.22,50.39
0.23,50.39
0.23,50.4
0.23,50.4
0.23,50.4
0.23,50.4
0.23,50.4
0.23,50.4
0.23,50.4
0.23,50.4
0.23,50.4
0.23,50.4
0.23,50.4
0.22,50.4
0.22,50.4
0.22,50.4
0.22,50.4
0.22,50.4
0.22,50.4
0.22,50.4
0.22,50.4
0.22,50.4
0.22,50.4
0.22,50.4
0.22,50.4
0.22,50.4
0.22,50.4
0.22,50.4
0.22,50.4
0.22,46.91
0.22,44.92
0.22,43.73
0.22,42.99
0.21,42.53
0.21,42.24
0.21,42.05
0.21,41.93
0.21,41.85
0.21,41.8
0.21,41.77
0.21,41.75
0.21,41.73
0.21,41.72
0.21,41.72
0.21,41.71
0.21,41.71
0.21,41.71
0.21,41.71
0.21,41.71
0.21,41.71
0.21,41.71
0.21,41.71
0.21,41.71
0.21,41.71
0.21,41.71
0.21,41.71
0.21,41.71
0.21,41.71
0.21,41.71
0.21,41.71
0.21,41.71
0.21,41.71
0.21,41.71
0.22,41.71
0.22,41.71
0.22,41.71
0.22,41.71
0.22,41.71
0.22,41.71
0.22,41.71
0.22,41.71
0.22,41.71
0.22,41.71
0.22,41.71
0.22,41.71
0.22,43.57
0.22,44.92
0.22,45.87
0.22,46.51
0.22,46.94
0.22,47.23
0.22,47.42
0.22,47.54
0.22,47.62
0.22,47.67
0.22,47.71
0.22,47.73
0.22,47.75
0.22,47.75
0.22,47.76
0.22,47.76
0.22,47.77
0.22,47.77
0.22,47.77
0.22,47.77
0.22,47.77
0.22,47.77
0.22,47.77
0.22,47.77
0.22,47.77
0.21,47.77
0.21,47.77
0.21,47.77
0.21,47.77
0.21,47.77
0.21,47.77
0.21,47.77
0.21,47.77
0.21,47.77
0.21,47.77
0.21,47.77
0.21,47.77
0.21,47.77
0.21,47.77
0.21,47.77
0.21,47.44
0.21,47.23
0.21,47.1
0.21,47.01
0.21,46.95
0.21,46.92
0.21,46.89
0.21,46.88
0.21,46.87
0.21,46.86
0.21,46.86
0.21,46.85
0.21,46.85
0.21,46.85
0.21,46.85
0.21,46.85
0.21,46.85
0.21,46.85
0.21,46.85
0.21,46.85
0.21,46.85
0.21,46.85
0.21,46.85
0.21,46.85
0.21,46.85
0.21,46.85
0.21,46.85
0.21,46.85
0.21,46.85
0.21,46.85
0.21,46.85
0.21,46.85
0.21,46.85
0.21,46.85
0.21,46.85
0.21,46.85
0.21,46.85
0.21,46.85
0.21,46.85
0.21,46.85
0.21,49.85
0.21,51.94
0.21,53.36
0.21,54.31
0.21,54.94
0.21,55.35
0.21,55.63
0.21,55.8
0.21,55.92
0.21,55.99
0.21,56.04
0.21,56.07
0.21,56.09
0.21,56.11
0.21,56.12
0.21,56.12
0.21,56.13
0.21,56.13
0.21,56.13
0.21,56.13
0.2,56.13
0.2,56.13
0.2,56.13
0.2,56.13
0.2,56.13
0.2,56.13
0.2,56.13
0.2,56.13
0.2,56.13
0.2,56.13
0.2,56.13
0.2,56.13
0.21,56.13
0.21,56.13
0.2,56.13
0.2,56.13
0.2,56.13
0.2,56.13
0.2,56.13
0.2,56.13
0.2,52.44
0.2,50.19
0.2,48.78
0.2,47.89
0.2,47.33
0.2,46.96
0.2,46.73
0.2,46.57
0.2,46.48
0.2,46.41
0.2,46.37
0.2,46.34
0.2,46.33
0.2,46.32
0.2,46.31
0.2,46.3
0.2,46.3
0.2,46.3
0.2,46.3
0.2,46.3
0.2,46.3
0.2,46.29
0.2,46.29
0.2,46.29
0.2,46.29
0.2,46.29
0.2,46.29
0.2,46.29
0.2,46.29
0.2,46.29
0.2,46.29
0.19,46.29
0.19,46.29
0.19,46.29
0.19,46.29
0.19,46.29
0.19,46.29
0.19,46.29
0.19,46.29
0.19,46.29
0.19,46.29
0.18,46.29
0.18,46.29
0.18,46.29
0.18,46.29
0.18,46.29
0.18,46.72
0.18,46.99
0.18,47.16
0.18,47.27
0.18,47.34
0.17,47.39
0.17,47.42
0.17,47.44
0.17,47.45
0.17,47.46
0.17,47.46
0.17,47.47
0.17,47.47
0.17,47.47
0.17,47.47
0.17,47.47
0.17,47.47
0.17,47.47
0.17,47.47
0.16,47.47
0.16,47.47
0.16,47.47
0.16,47.47
0.16,47.47
0.16,47.47
0.16,47.47
0.16,47.47
0.16,47.47
0.16,47.47
0.15,47.47
0.15,47.47
0.15,47.47
0.15,47.47
0.15,47.47
0.15,47.47
0.15,47.47
0.15,47.47
0.15,47.47
0.15,47.47
0.15,47.47
0.15,48.11
0.15,48.53
0.15,48.82
0.15,49
0.15,49.13
0.15,49.21
0.15,49.26
0.15,49.29
0.15,49.32
0.15,49.33
0.15,49.34
0.15,49.35
0.15,49.35
0.15,49.35
0.15,49.36
0.15,49.36
0.15,49.36
0.15,49.36
0.15,49.36
0.15,49.36
0.14,49.36
0.14,49.36
0.14,49.36
0.14,49.36
0.14,49.36
0.14,49.36
0.14,49.36
0.14,49.36
0.14,49.36
0.13,49.36
0.13,49.36
0.13,49.36
0.13,49.36
0.13,49.36
0.13,49.36
0.13,49.36
0.13,49.36
0.13,49.36
0.13,49.36
0.13,49.91
0.13,50.27
0.13,50.5
0.13,50.65
0.13,50.75
0.13,50.81
0.14,50.85
0.14,50.88
0.14,50.9
0.14,50.91
0.14,50.92
0.14,50.92
0.14,50.92
0.14,50.93
0.14,50.93
0.14,50.93
0.14,50.93
0.14,50.93
0.14,50.93
0.14,50.93
0.14,50.93
0.14,50.93
0.14,50.93
0.14,50.93
0.14,50.93
0.14,50.93
0.14,50.93
0.14,50.93
0.14,50.93
0.14,50.93
0.14,50.93
0.14,50.93
0.14,50.93
0.14,50.93
0.14,50.93
0.14,50.93
0.14,50.93
0.14,50.93
0.14,50.93
0.14,50.93
0.14,50.93
0.14,50.93
0.14,50.93
0.14,50.93
0.14,50.93
0.14,50.93
0.14,50.93
0.14,50.56
0.14,50.32
0.14,50.17
0.14,50.06
0.14,50
0.14,49.95
0.14,49.92
0.14,49.9
0.14,49.89
0.14,49.88
0.14,49.88
0.14,49.88
0.14,49.87
0.14,49.87
0.14,49.87
0.14,49.87
0.14,49.87
0.14,49.87
0.14,49.87
0.14,49.87
0.14,49.87
0.14,49.87
0.14,49.87
0.14,49.87
0.14,49.87
0.14,49.87
0.14,49.87
0.14,49.87
0.14,49.87
0.14,49.87
0.14,49.87
0.13,49.87
0.13,49.87
0.13,49.87
0.13,49.87
0.13,49.87
0.13,49.87
0.13,49.87
0.13,49.87
0.13,48.08
0.13,46.98
0.13,46.28
0.13,45.84
0.13,45.55
0.13,45.37
0.13,45.25
0.13,45.18
0.13,45.13
0.12,45.09
0.12,45.07
0.12,45.06
0.12,45.05
0.12,45.04
0.12,45.04
0.12,45.04
0.12,45.04
0.12,45.04
0.11,45.04
0.11,45.04
0.11,45.03
0.11,45.03
0.11,45.03
0.11,45.03
0.11,45.03
0.11,45.03
0.11,45.03
0.11,45.03
0.11,45.03
0.11,45.03
0.11,45.03
0.11,45.03
0.11,45.03
0.11,45.03
0.11,45.03
0.11,45.03
0.11,45.03
0.11,45.03
0.11,45.03
0.11,45.03
0.11,47.83
0.11,49.79
0.11,51.11
0.11,52
0.11,52.59
0.1,52.98
0.1,53.23
0.1,53.4
0.1,53.51
0.11,53.58
0.11,53.62
0.11,53.65
0.11,53.67
0.11,53.68
0.11,53.69
0.11,53.7
0.11,53.7
0.11,53.7
0.11,53.7
0.11,53.71
0.11,53.71
0.11,53.71
0.11,53.71
0.1,53.71
0.1,53.71
0.1,53.71
0.1,53.71
0.1,53.71
0.1,53.71
0.1,53.71
0.1,53.71
0.1,53.71
0.1,53.71
0.1,53.71
0.1,53.71
0.1,53.71
0.1,53.71
0.1,53.71
0.09,53.71
0.09,53.71
0.09,50.07
0.09,47.94
0.09,46.65
0.09,45.84
0.09,45.33
0.09,45.01
0.09,44.8
0.09,44.66
0.09,44.58
0.09,44.52
0.08,44.48
0.08,44.46
0.08,44.45
0.08,44.44
0.08,44.43
0.08,44.42
0.08,44.42
0.08,44.42
0.08,44.42
0.08,44.42
0.08,44.42
0.08,44.42
0.08,44.42
0.08,44.42
0.08,44.42
0.08,44.42
0.08,44.42
0.08,44.42
0.08,44.42
0.08,44.42
0.08,44.42
0.08,44.42
0.08,44.42
0.08,44.42
0.08,44.42
0.08,44.42
0.08,44.42
0.08,44.42
0.08,44.42
0.08,44.42
0.08,44.42
0.08,44.42
0.08,44.42
0.08,44.42
0.08,44.42
0.08,44.42
0.08,45.95
0.07,46.97
0.07,47.66
0.07,48.11
0.07,48.4
0.07,48.59
0.07,48.72
0.07,48.8
0.07,48.85
0.07,48.89
0.07,48.91
0.07,48.93
0.07,48.94
0.07,48.94
0.07,48.95
0.07,48.95
0.07,48.95
0.07,48.95
0.07,48.95
0.07,48.95
0.07,48.95
0.07,48.95
0.06,48.95
0.06,48.95
0.06,48.95
0.06,48.95
0.06,48.95
0.06,48.95
0.06,48.95
0.06,48.95
0.06,48.95
0.06,48.95
0.06,48.95
0.06,48.95
0.06,48.95
0.06,48.95
0.06,48.95
0.06,48.95
0.06,48.95
0.06,48.95
0.06,49.1
0.06,49.2
0.06,49.27
0.06,49.31
0.06,49.34
0.06,49.36
0.06,49.37
0.06,49.38
0.06,49.38
0.06,49.39
0.06,49.39
0.06,49.39
0.06,49.39
0.06,49.39
0.06,49.39
0.06,49.39
0.06,49.39
0.06,49.39
0.06,49.39
0.06,49.39
0.06,49.39
0.06,49.39
0.06,49.39
0.06,49.39
0.06,49.39
0.05,49.39
0.05,49.39
0.05,49.39
0.05,49.39
0.05,49.39
0.05,49.39
0.05,49.39
0.05,49.39
0.05,49.39
0.05,49.39
0.05,49.39
0.05,49.39
0.05,49.39
0.05,49.39
0.05,49.39
0.05,50.11
0.05,50.57
0.05,50.87
0.04,51.06
0.04,51.19
0.04,51.27
0.04,51.32
0.04,51.35
0.04,51.38
0.04,51.39
0.04,51.4
0.04,51.41
0.04,51.41
0.04,51.41
0.04,51.41
0.04,51.42
0.04,51.42
0.04,51.42
0.04,51.42
0.04,51.42
0.04,51.42
0.04,51.42
0.04,51.42
0.04,51.42
0.04,51.42
0.04,51.42
0.04,51.42
0.04,51.42
0.04,51.42
0.04,51.42
0.04,51.42
0.04,51.42
0.04,51.42
0.04,51.42
0.04,51.42
0.04,51.42
0.04,51.42
0.04,51.42
0.04,51.42
0.04,51.26
0.04,51.15
0.04,51.08
0.04,51.03
0.04,51
0.04,50.98
0.04,50.96
0.04,50.95
0.04,50.95
0.04,50.95
0.04,50.94
0.04,50.94
0.04,50.94
0.04,50.94
0.04,50.94
0.04,50.94
0.04,50.94
0.04,50.94
0.04,50.94
0.04,50.94
0.04,50.94
0.04,50.94
0.04,50.94
0.04,50.94
0.04,50.94
0.04,50.94
0.04,50.94
0.04,50.94
0.04,50.94
0.04,50.94
0.04,50.94
0.04,50.94
0.04,50.94
0.04,50.94
0.04,50.94
0.04,50.94
0.04,50.94
0.04,50.94
0.04,50.94
0.04,50.94
0.04,50.94
0.04,50.94
0.04,50.94
0.04,50.94
0.04,50.94
0.04,50.94
0.04,50.94
0.04,50.38
0.04,50.01
0.04,49.77
0.04,49.61
0.04,49.51
0.04,49.45
0.04,49.4
0.04,49.37
0.04,49.36
0.04,49.34
0.04,49.34
0.04,49.33
0.03,49.33
0.03,49.33
0.03,49.33
0.03,49.32
0.03,49.32
0.03,49.32
0.03,49.32
0.03,49.32
0.03,49.32
0.03,49.32
0.03,49.32
0.02,49.32
0.02,49.32
0.02,49.32
0.02,49.32
0.02,49.32
0.02,49.32
0.02,49.32
0.02,49.32
0.02,49.32
0.02,49.32
0.02,49.32
0.02,49.32
0.03,49.32
0.03,49.32
0.03,49.32
0.03,49.32
0.03,50.74
0.03,52.35
0.03,53.4
0.03,54.08
0.03,54.51
0.03,54.8
0.03,54.99
0.03,55.11
0.03,55.18
0.03,55.24
0.03,55.27
0.03,55.29
0.03,55.3
0.03,55.31
0.03,55.32
0.03,55.32
0.03,55.32
0.03,55.33
0.03,55.33
0.03,55.33
0.03,55.33
0.03,55.33
0.03,55.33
0.03,55.33
0.03,55.33
0.03,55.33
0.03,55.33
0.03,55.33
0.03,55.33
0.03,55.33
0.03,55.33
0.03,55.33
0.02,55.33
0.02,55.33
0.02,55.33
0.02,55.33
0.02,55.33
0.02,55.33
0.02,55.33
0.02,55.33
0.02,51.26
0.02,48.85
0.02,47.37
0.02,46.44
0.02,45.85
0.02,45.48
0.02,45.23
0.02,45.08
0.02,44.98
0.02,44.91
0.02,44.87
0.02,44.84
0.02,44.82
0.02,44.81
0.02,44.8
0.02,44.8
0.02,44.8
0.02,44.79
0.02,44.79
0.02,44.79
0.02,44.79
0.02,44.79
0.02,44.79
0.02,44.79
0.02,44.79
0.01,44.79
0.01,44.79
0.01,44.79
0.01,44.79
0.01,44.79
0.01,44.79
0.01,44.79
0.01,44.79
0.01,44.79
0.01,44.79
0.01,44.79
0.01,44.79
0.01,44.79
0.01,44.79
0.01,44.79
0.01,44.79
0.01,44.79
0.01,44.79
0.01,44.79
0.01,44.79
0.01,44.79
0.01,44.79
0.01,45.29
0.01,45.62
0.01,45.85
0.01,46
0.01,46.11
0.01,46.17
0.01,46.21
0.01,46.24
0.01,46.26
0.01,46.27
0.01,46.28
0.01,46.28
0.01,46.29
0.01,46.29
0.01,46.29
0.01,46.29
0.01,46.29
0.01,46.29
0.01,46.29
0.01,46.29
0.01,46.29
0.01,46.29
0.01,46.29
0.01,46.29
0.01,46.29
0.01,46.29
0.01,46.29
0.01,46.29
0.01,46.29
0.01,46.29
0.01,46.29
0.01,46.29
0.01,46.29
0.01,46.29
0.01,46.29
0.01,46.29
0.01,46.29
0,46.29
0,46.29
0,46.29
0,46.18
0,46.11
0,46.07
0,46.04
0,46.02
0,46.01
0,46
0,45.99
0,45.99
0,45.99
0,45.99
0,45.99
0,45.99
0,45.98
0,45.98
0,45.98
0,45.98
0.01,45.98
0.01,45.98
0.01,45.98
0.01,45.98
0.01,45.98
0.01,45.98
0.01,45.98
0.01,45.98
0.01,45.98
0.01,45.98
0.01,45.98
0.01,45.98
0,45.98
0,45.98
0,45.98
0,45.98
0,45.98
0,45.98
0,45.98
0,45.98
0,45.98
0,45.98
0,45.98
0,47.49
0,48.5
0,49.16
0,49.59
0,49.88
0.01,50.06
0.01,50.18
0.01,50.26
0.01,50.32
0.01,50.35
0.01,50.37
0,50.38
0,50.39
0,50.4
0,50.4
0.01,50.41
0.01,50.41
0.01,50.41
0.01,50.41
0.01,50.41
0.01,50.41
0.01,50.41
0.01,50.41
0.01,50.41
0.01,50.41
0.01,50.41
0.01,50.41
0.01,50.41
0.02,50.41
0.02,50.41
0.02,50.41
0.02,50.41
0.02,50.41
0.02,50.41
0.02,50.41
0.02,50.41
0.02,50.41
0.02,50.41
0.02,50.41
0.02,49.33
0.02,48.62
0.02,48.16
0.02,47.86
0.02,47.67
0.02,47.54
0.02,47.46
0.02,47.4
0.01,47.37
0.01,47.34
0.01,47.33
0.01,47.32
0.02,47.31
0.02,47.31
0.02,47.31
0.01,47.31
0.01,47.3
0.01,47.3
0.01,47.3
0.01,47.3
0.01,47.3
0.01,47.3
0.01,47.3
0.01,47.3
0.01,47.3
0.01,47.3
0.01,47.3
0.01,47.3
0.01,47.3
0.01,47.3
0.01,47.3
0.01,47.3
0.01,47.3
0.01,47.3
0.01,47.3
0.01,47.3
0.01,47.3
0.01,47.3
0.01,47.3
0.01,47.3
0.01,47.3
0.01,47.3
0.01,47.3
0.01,47.3
0.01,47.3
0.01,47.3
0.01,47.3
0.01,45.64
0.01,44.62
0,43.97
0,43.56
0,43.3
0,43.13
0,43.02
0,42.95
0,42.9
0,42.87
0,42.85
0.01,42.84
0.01,42.83
0.01,42.83
0.01,42.82
0.01,42.82
0.01,42.82
0.01,42.82
0.01,42.82
0.01,42.82
0.01,42.82
0.01,42.82
0.01,42.82
0.02,42.82
0.02,42.82
0.02,42.82
0.02,42.82
0.02,42.82
0.02,42.82
0.02,42.82
0.02,42.82
0.02,42.82
0.02,42.82
0.02,42.82
0.02,42.82
0.02,42.82
0.02,42.82
0.02,42.82
0.02,42.82
0.02,42.82
0.02,44.77
0.02,46.12
0.02,47.03
0.02,47.64
0.02,48.05
0.02,48.31
0.02,48.49
0.02,48.6
0.02,48.68
0.02,48.72
0.02,48.76
0.02,48.78
0.02,48.79
0.02,48.8
0.02,48.8
0.02,48.81
0.02,48.81
0.02,48.81
0.02,48.81
0.02,48.81
0.02,48.81
0.02,48.81
0.02,48.81
0.02,48.81
0.02,48.81
0.02,48.81
0.02,48.81
0.02,48.81
0.02,48.81
0.02,48.81
0.02,48.81
0.02,48.81
0.02,48.81
0.02,48.81
0.02,48.81
0.02,48.81
0.02,48.81
0.02,48.81
0.02,48.81
0.02,48.81
0.02,47.94
0.01,47.39
0.01,47.04
0.01,46.82
0.01,46.67
0.01,46.58
0.01,46.52
0.01,46.48
0.01,46.46
0.01,46.44
0.01,46.43
0.01,46.42
0,46.42
0,46.41
0,46.41
0,46.41
0,46.41
0,46.41
0,46.41
0,46.41
0,46.41
0,46.41
0,46.41
0,46.41
0,46.41
0,46.41
0,46.41
0,46.41
0,46.41
0,46.41
0,46.41
0,46.41
0,46.41
0,46.41
0,46.41
0,46.41
0,46.41
0,46.41
0,46.41
0,46.37
0,46.34
0,46.33
0,46.32
-0.01,46.31
-0.01,46.3
-0.01,46.3
-0.01,46.3
-0.01,46.3
-0.01,46.3
-0.01,46.3
-0.01,46.29
-0.01,46.29
-0.01,46.29
-0.01,46.29
-0.01,46.29
-0.01,46.29
-0.01,46.29
-0.01,46.29
-0.01,46.29
-0.01,46.29
-0.01,46.29
-0.01,46.29
-0.01,46.29
-0.01,46.29
-0.01,46.29
-0.01,46.29
-0.01,46.29
-0.01,46.29
-0.01,46.29
-0.01,46.29
-0.01,46.29
-0.01,46.29
-0.01,46.29
-0.01,46.29
-0.01,46.29
-0.02,46.29
-0.02,46.29
-0.02,46.29
-0.02,46.29
-0.02,46.29
-0.02,46.29
-0.02,46.29
-0.02,46.29
-0.02,46.29
-0.02,46.29
-0.02,46.29
-0.02,47.19
-0.02,47.78
-0.02,48.16
-0.03,48.4
-0.03,48.56
-0.03,48.67
-0.03,48.74
-0.03,48.78
-0.03,48.81
-0.03,48.83
-0.03,48.84
-0.03,48.85
-0.03,48.85
-0.03,48.86
-0.03,48.86
-0.03,48.86
-0.03,48.86
-0.04,48.86
-0.04,48.86
-0.04,48.86
-0.04,48.86
-0.04,48.86
-0.04,48.86
-0.04,48.86
-0.04,48.86
-0.04,48.86
-0.04,48.86
-0.04,48.86
-0.04,48.86
-0.04,48.86
-0.04,48.86
-0.04,48.86
-0.03,48.86
-0.03,48.86
-0.03,48.86
-0.03,48.86
-0.03,48.86
-0.03,48.86
-0.03,48.86
-0.03,48.86
-0.03,47.29
-0.02,46.29
-0.02,45.65
-0.02,45.24
-0.02,44.97
-0.02,44.8
-0.02,44.69
-0.02,44.62
-0.02,44.57
-0.02,44.54
-0.02,44.52
-0.02,44.51
-0.02,44.5
-0.02,44.5
-0.02,44.49
-0.02,44.49
-0.02,44.49
-0.02,44.49
-0.02,44.49
-0.02,44.49
-0.02,44.49
-0.02,44.49
-0.02,44.49
-0.02,44.49
-0.02,44.49
-0.02,44.49
-0.02,44.49
-0.02,44.49
-0.02,44.49
-0.02,44.49
-0.02,44.49
-0.02,44.49
-0.02,44.49
-0.02,44.49
-0.02,44.49
-0.02,44.49
-0.02,44.49
-0.02,44.49
-0.02,44.49
-0.02,44.49
-0.02,43.82
-0.02,43.4
-0.02,43.12
-0.02,42.95
-0.02,42.83
-0.02,42.75
-0.02,42.71
-0.02,42.67
-0.02,42.65
-0.02,42.64
-0.02,42.63
-0.02,42.63
-0.02,42.62
-0.02,42.62
-0.02,42.62
-0.02,42.62
-0.02,42.62
-0.02,42.62
-0.02,42.62
-0.02,42.62
-0.02,42.62
-0.02,42.62
-0.01,42.62
-0.01,42.62
-0.01,42.62
-0.01,42.62
-0.01,42.62
-0.02,42.62
-0.02,42.62
-0.02,42.62
-0.02,42.62
-0.02,42.62
-0.02,42.62
-0.02,42.62
-0.02,42.62
-0.02,42.62
-0.02,42.62
-0.02,42.62
-0.02,42.62
-0.02,42.62
-0.02,42.62
-0.02,42.62
-0.03,42.62
-0.03,42.62
-0.03,42.62
-0.03,42.62
-0.03,44.19
-0.03,45.25
-0.03,45.96
-0.03,46.42
-0.03,46.73
-0.03,46.93
-0.03,47.06
-0.03,47.14
-0.03,47.2
-0.03,47.24
-0.03,47.26
-0.03,47.27
-0.03,47.28
-0.03,47.29
-0.03,47.29
-0.03,47.3
-0.03,47.3
-0.03,47.3
-0.04,47.3
-0.04,47.3
-0.04,47.3
-0.04,47.3
-0.04,47.3
-0.04,47.3
-0.04,47.3
-0.04,47.3
-0.04,47.3
-0.04,47.3
-0.04,47.3
-0.04,47.3
-0.04,47.3
-0.03,47.3
-0.03,47.3
-0.03,47.3
-0.03,47.3
-0.03,47.3
-0.03,47.3
-0.03,47.3
-0.03,47.3
-0.03,47.3
-0.03,45.98
-0.02,45.16
-0.02,44.65
-0.02,44.32
-0.02,44.11
-0.02,43.97
-0.02,43.89
-0.02,43.83
-0.02,43.79
-0.02,43.77
-0.02,43.75
-0.02,43.74
-0.02,43.73
-0.02,43.73
-0.02,43.73
-0.02,43.73
-0.02,43.72
-0.02,43.72
-0.02,43.72
-0.02,43.72
-0.02,43.72
-0.02,43.72
-0.02,43.72
-0.01,43.72
-0.01,43.72
-0.01,43.72
-0.01,43.72
-0.01,43.72
-0.01,43.72
-0.01,43.72
-0.01,43.72
-0.01,43.72
-0.01,43.72
-0.01,43.72
-0.01,43.72
-0.01,43.72
-0.01,43.72
-0.01,43.72
-0.01,43.72
-0.01,44.69
-0.02,45.32
-0.02,45.74
-0.02,46.01
-0.02,46.19
-0.02,46.3
-0.02,46.38
-0.02,46.43
-0.02,46.46
-0.02,46.48
-0.02,46.49
-0.02,46.5
-0.02,46.51
-0.02,46.51
-0.02,46.51
-0.02,46.51
-0.02,46.52
-0.02,46.52
-0.02,46.52
-0.02,46.52
-0.02,46.52
-0.02,46.52
-0.02,46.52
-0.02,46.52
-0.02,46.52
-0.02,46.52
-0.02,46.52
-0.02,46.52
-0.02,46.52
-0.02,46.52
-0.02,46.52
-0.02,46.52
-0.02,46.52
-0.02,46.52
-0.02,46.52
-0.02,46.52
-0.02,46.52
-0.02,46.52
-0.02,46.52
-0.02,46.52
-0.02,47.19
-0.02,47.62
-0.02,47.91
-0.02,48.1
-0.02,48.22
-0.02,48.3
-0.02,48.35
-0.03,48.38
-0.03,48.4
-0.03,48.42
-0.03,48.43
-0.03,48.43
-0.03,48.44
-0.03,48.44
-0.03,48.44
-0.03,48.44
-0.03,48.44
-0.03,48.44
-0.03,48.44
-0.03,48.44
-0.03,48.44
-0.03,48.44
-0.03,48.44
-0.03,48.44
-0.03,48.44
-0.03,48.44
-0.03,48.44
-0.03,48.44
-0.03,48.44
-0.03,48.44
-0.03,48.44
-0.03,48.44
-0.03,48.44
-0.03,48.44
-0.03,48.44
-0.03,48.44
-0.03,48.44
-0.03,48.44
-0.03,48.44
-0.03,48.44
-0.03,48.44
-0.03,48.44
-0.03,48.44
-0.03,48.44
-0.03,48.44
-0.03,48.44
-0.03,48.46
-0.03,48.48
-0.03,48.48
-0.03,48.49
-0.03,48.49
-0.03,48.49
-0.03,48.5
-0.03,48.5
-0.03,48.5
-0.03,48.5
-0.03,48.5
-0.03,48.5
-0.03,48.5
-0.03,48.5
-0.03,48.5
-0.03,48.5
-0.03,48.5
-0.03,48.5
-0.03,48.5
-0.03,48.5
-0.03,48.5
-0.03,48.5
-0.03,48.5
-0.03,48.5
-0.03,48.5
-0.03,48.5
-0.03,48.5
-0.03,48.5
-0.03,48.5
-0.03,48.5
-0.03,48.5
-0.03,48.5
-0.03,48.5
-0.03,48.5
-0.03,48.5
-0.03,48.5
-0.03,48.5
-0.03,48.5
-0.03,48.5
-0.03,48.5
-0.03,46.64
-0.03,45.43
-0.03,44.64
-0.03,44.13
-0.03,43.79
-0.03,43.58
-0.03,43.44
-0.03,43.34
-0.03,43.28
-0.03,43.25
-0.03,43.22
-0.03,43.2
-0.03,43.19
-0.03,43.19
-0.03,43.18
-0.03,43.18
-0.03,43.18
-0.03,43.18
-0.03,43.18
-0.03,43.18
-0.03,43.17
-0.03,43.17
-0.03,43.17
-0.03,43.17
-0.03,43.17
-0.03,43.17
-0.03,43.17
-0.03,43.17
-0.03,43.17
-0.03,43.17
-0.03,43.17
-0.03,43.17
-0.03,43.17
-0.03,43.17
-0.03,43.17
-0.03,43.17
-0.02,43.17
-0.02,43.17
-0.02,43.17
-0.02,43.17
-0.02,46.09
-0.02,48.08
-0.02,49.41
-0.02,50.3
-0.02,50.88
-0.02,51.26
-0.02,51.51
-0.02,51.68
-0.02,51.78
-0.02,51.85
-0.01,51.9
-0.01,51.92
-0.01,51.94
-0.01,51.96
-0.01,51.96
-0.01,51.97
-0.01,51.97
-0.01,51.98
-0.01,51.98
-0.01,51.98
-0.01,51.98
-0.01,51.98
0,51.98
0,51.98
0,51.98
0,51.98
0,51.98
-0.01,51.98
-0.01,51.98
-0.01,51.98
-0.01,51.98
-0.01,51.98
-0.01,51.98
-0.01,51.98
-0.01,51.98
-0.01,51.98
-0.01,51.98
-0.01,51.98
-0.01,51.98
-0.01,51.98
-0.01,50.33
-0.01,49.28
-0.01,48.61
-0.01,48.18
-0.01,47.9
-0.01,47.72
-0.01,47.61
-0.01,47.53
-0.01,47.48
-0.01,47.45
-0.01,47.43
-0.01,47.42
-0.01,47.41
-0.01,47.4
-0.01,47.4
-0.01,47.39
-0.01,47.39
-0.01,47.39
-0.01,47.39
-0.01,47.39
-0.01,47.39
-0.01,47.39
-0.01,47.39
-0.01,47.39
-0.01,47.39
-0.01,47.39
-0.01,47.39
-0.01,47.39
-0.01,47.39
-0.01,47.39
-0.01,47.39
-0.01,47.39
-0.01,47.39
-0.01,47.39
-0.01,47.39
-0.01,47.39
-0.01,47.39
-0.01,47.39
-0.01,47.39
-0.01,47.39
-0.01,47.39
-0.01,47.39
-0.01,47.39
-0.01,47.39
-0.01,47.39
-0.01,47.39
-0.01,48.39
-0.01,49.07
-0.01,49.53
-0.01,49.83
-0.01,50.03
-0.01,50.16
-0.01,50.24
-0.01,50.3
-0.01,50.33
-0.01,50.36
-0.01,50.37
-0.01,50.38
-0.01,50.39
-0.01,50.39
-0.01,50.4
-0.01,50.4
-0.01,50.4
-0.01,50.4
-0.01,50.4
-0.01,50.4
0,50.4
0,50.4
0,50.4
0,50.4
0,50.4
0,50.4
0,50.4
0,50.4
0,50.4
0,50.4
0,50.4
0,50.4
0,50.4
0,50.4
0,50.4
0,50.4
0,50.4
0,50.4
0,50.4
0,50.4
0,49.66
0,49.2
0,48.91
0,48.72
0,48.6
0,48.53
0,48.48
0,48.44
0,48.42
0,48.41
-0.01,48.4
-0.01,48.4
-0.01,48.39
-0.01,48.39
-0.01,48.39
-0.01,48.39
-0.01,48.39
-0.01,48.39
-0.02,48.39
-0.02,48.39
-0.02,48.39
-0.02,48.38
-0.02,48.38
-0.02,48.38
-0.02,48.38
-0.02,48.38
-0.02,48.38
-0.02,48.38
-0.02,48.38
-0.02,48.38
-0.02,48.38
-0.02,48.38
-0.02,48.38
-0.02,48.38
-0.02,48.38
-0.02,48.38
-0.03,48.38
-0.03,48.38
